-- MySQL dump 10.13  Distrib 5.6.19, for osx10.7 (i386)
--
-- Host: 127.0.0.1    Database: drbrain2_city
-- ------------------------------------------------------
-- Server version	5.6.22

/*!40101 SET @OLD_CHARACTER_SET_CLIENT=@@CHARACTER_SET_CLIENT */;
/*!40101 SET @OLD_CHARACTER_SET_RESULTS=@@CHARACTER_SET_RESULTS */;
/*!40101 SET @OLD_COLLATION_CONNECTION=@@COLLATION_CONNECTION */;
/*!40101 SET NAMES utf8 */;
/*!40103 SET @OLD_TIME_ZONE=@@TIME_ZONE */;
/*!40103 SET TIME_ZONE='+00:00' */;
/*!40014 SET @OLD_UNIQUE_CHECKS=@@UNIQUE_CHECKS, UNIQUE_CHECKS=0 */;
/*!40014 SET @OLD_FOREIGN_KEY_CHECKS=@@FOREIGN_KEY_CHECKS, FOREIGN_KEY_CHECKS=0 */;
/*!40101 SET @OLD_SQL_MODE=@@SQL_MODE, SQL_MODE='NO_AUTO_VALUE_ON_ZERO' */;
/*!40111 SET @OLD_SQL_NOTES=@@SQL_NOTES, SQL_NOTES=0 */;

--
-- Table structure for table `game_partida`
--

DROP TABLE IF EXISTS `game_partida`;
/*!40101 SET @saved_cs_client     = @@character_set_client */;
/*!40101 SET character_set_client = utf8 */;
CREATE TABLE `game_partida` (
  `id` int(11) NOT NULL AUTO_INCREMENT,
  `num_partida` int(11) NOT NULL,
  `data_creacio` datetime NOT NULL,
  `data_inicialitzacio` datetime DEFAULT NULL,
  `data_finalitzacio` datetime DEFAULT NULL,
  `estat` varchar(20) NOT NULL,
  `classe` varchar(100) DEFAULT NULL,
  `num_rondes` int(11) DEFAULT NULL,
  `ronda_actual` int(11) DEFAULT NULL,
  `data_fi_ronda` datetime DEFAULT NULL,
  `usuaris_registrats` int(11) NOT NULL,
  `guanyen_igualment` tinyint(1) NOT NULL,
  `diners_heterogenis` tinyint(1) NOT NULL,
  `objectiu_aconseguit` tinyint(1) NOT NULL,
  `comentari` varchar(100) DEFAULT NULL,
  `partida_024` tinyint(1) NOT NULL,
  `imatges_refors` tinyint(1) NOT NULL,
  PRIMARY KEY (`id`)
) ENGINE=InnoDB AUTO_INCREMENT=20 DEFAULT CHARSET=latin1;
/*!40101 SET character_set_client = @saved_cs_client */;

--
-- Dumping data for table `game_partida`
--

LOCK TABLES `game_partida` WRITE;
/*!40000 ALTER TABLE `game_partida` DISABLE KEYS */;
INSERT INTO `game_partida` VALUES (1,1,'2015-12-22 10:24:57','2015-12-22 10:25:35','2015-12-22 10:30:07','ACABADA','TEST',10,11,'2015-12-22 10:30:51',6,0,1,1,NULL,1,0),(2,2,'2015-12-22 12:31:40','2015-12-22 12:47:33','2015-12-22 12:51:23','ACABADA','SARRIA',10,11,'2015-12-22 12:52:07',6,1,1,1,NULL,1,0),(3,3,'2015-12-22 13:27:07','2015-12-22 13:33:54','2015-12-22 13:39:06','ACABADA','SARRIA',10,11,'2015-12-22 13:39:49',6,0,1,0,NULL,1,0),(4,4,'2015-12-22 13:51:38','2015-12-22 14:00:03','2015-12-22 14:04:13','ACABADA','SARRIA',10,11,'2015-12-22 14:04:56',6,1,1,1,NULL,1,0),(5,5,'2015-12-22 14:10:47','2015-12-22 14:19:03','2015-12-22 14:23:20','ACABADA','SARRIA',10,11,'2015-12-22 14:24:03',6,0,1,1,NULL,1,0),(6,6,'2015-12-22 14:28:42','2015-12-22 14:38:39','2015-12-22 14:42:43','ACABADA','SARRIA',10,11,'2015-12-22 14:43:27',6,0,1,1,NULL,1,0),(7,7,'2015-12-22 14:54:42','2015-12-22 15:01:12','2015-12-22 15:06:12','ACABADA','SARRIA',10,11,'2015-12-22 15:06:56',6,0,1,1,NULL,1,0),(8,8,'2015-12-22 15:27:40','2015-12-22 15:42:02','2015-12-22 15:46:18','ACABADA','SARRIA',10,11,'2015-12-22 15:47:02',6,0,1,1,NULL,1,0),(9,9,'2015-12-22 16:06:26','2015-12-22 16:18:12','2015-12-22 16:23:02','ACABADA','SARRIA',10,11,'2015-12-22 16:23:46',6,0,1,1,NULL,1,0),(10,10,'2015-12-22 16:45:15','2015-12-22 16:51:20','2015-12-22 16:55:21','ACABADA','SARRIA',10,11,'2015-12-22 16:56:04',6,0,1,1,NULL,1,0),(11,11,'2015-12-22 17:02:31','2015-12-22 17:10:49','2015-12-22 17:15:42','ACABADA','SARRIA',10,11,'2015-12-22 17:16:26',6,0,1,1,NULL,1,0),(12,12,'2015-12-23 14:36:27','2015-12-23 14:37:09','2015-12-23 14:41:05','ACABADA','TEST',10,11,'2015-12-23 14:41:49',6,0,1,0,NULL,1,0),(13,13,'2015-12-23 16:09:09','2015-12-23 16:18:57','2015-12-23 16:26:04','ACABADA','SANTPERE',10,11,'2015-12-23 16:26:48',6,0,1,1,NULL,1,0),(14,14,'2015-12-23 16:35:03','2015-12-23 16:44:58','2015-12-23 16:49:13','ACABADA','SANTPERE',10,11,'2015-12-23 16:49:57',6,1,1,0,NULL,1,0),(15,15,'2015-12-23 17:09:08','2015-12-23 17:14:37','2015-12-23 17:18:59','ACABADA','SANTPERE',10,11,'2015-12-23 17:19:43',6,0,1,1,NULL,1,0),(16,16,'2015-12-23 17:27:59',NULL,NULL,'ACABADA_MANUAL','SANTPERE',10,NULL,NULL,6,0,0,0,NULL,1,0),(17,17,'2015-12-23 18:00:04','2015-12-23 18:08:37','2015-12-23 18:12:58','ACABADA','SANTPERE',10,11,'2015-12-23 18:13:41',6,0,1,1,NULL,1,0),(18,18,'2015-12-23 18:26:40','2015-12-23 18:41:28','2015-12-23 18:45:16','ACABADA','SANTPERE',10,11,'2015-12-23 18:45:59',6,0,1,1,NULL,1,0),(19,19,'2015-12-23 18:59:38','2015-12-23 19:12:30','2015-12-23 19:17:16','ACABADA','SANTPERE',10,11,'2015-12-23 19:17:59',6,0,1,1,NULL,1,0);
/*!40000 ALTER TABLE `game_partida` ENABLE KEYS */;
UNLOCK TABLES;

--
-- Table structure for table `game_ronda`
--

DROP TABLE IF EXISTS `game_ronda`;
/*!40101 SET @saved_cs_client     = @@character_set_client */;
/*!40101 SET character_set_client = utf8 */;
CREATE TABLE `game_ronda` (
  `id` int(11) NOT NULL AUTO_INCREMENT,
  `num_ronda` int(11) NOT NULL,
  `bucket_inici_ronda` int(11) DEFAULT NULL,
  `bucket_final_ronda` int(11) DEFAULT NULL,
  `temps_inici_ronda` datetime DEFAULT NULL,
  `temps_final_ronda` datetime DEFAULT NULL,
  `partida_id` int(11) NOT NULL,
  `calculada` tinyint(1) NOT NULL,
  PRIMARY KEY (`id`),
  KEY `game_ronda_partida_id_2d88a3b43e136285_fk_game_partida_id` (`partida_id`),
  CONSTRAINT `game_ronda_partida_id_2d88a3b43e136285_fk_game_partida_id` FOREIGN KEY (`partida_id`) REFERENCES `game_partida` (`id`)
) ENGINE=InnoDB AUTO_INCREMENT=181 DEFAULT CHARSET=latin1;
/*!40101 SET character_set_client = @saved_cs_client */;

--
-- Dumping data for table `game_ronda`
--

LOCK TABLES `game_ronda` WRITE;
/*!40000 ALTER TABLE `game_ronda` DISABLE KEYS */;
INSERT INTO `game_ronda` VALUES (1,1,120,108,'2015-12-22 10:26:00','2015-12-22 10:26:05',1,1),(2,2,108,92,'2015-12-22 10:26:20','2015-12-22 10:26:26',1,1),(3,3,92,78,'2015-12-22 10:26:41','2015-12-22 10:27:11',1,1),(4,4,78,66,'2015-12-22 10:27:26','2015-12-22 10:27:31',1,1),(5,5,66,58,'2015-12-22 10:27:46','2015-12-22 10:27:52',1,1),(6,6,58,46,'2015-12-22 10:28:07','2015-12-22 10:28:15',1,1),(7,7,46,34,'2015-12-22 10:28:30','2015-12-22 10:28:52',1,1),(8,8,34,20,'2015-12-22 10:29:07','2015-12-22 10:29:13',1,1),(9,9,20,10,'2015-12-22 10:29:28','2015-12-22 10:29:37',1,1),(10,10,10,-2,'2015-12-22 10:29:52','2015-12-22 10:30:06',1,1),(11,1,120,104,'2015-12-22 12:47:58','2015-12-22 12:48:08',2,1),(12,2,104,84,'2015-12-22 12:48:23','2015-12-22 12:48:32',2,1),(13,3,84,68,'2015-12-22 12:48:47','2015-12-22 12:48:55',2,1),(14,4,68,50,'2015-12-22 12:49:10','2015-12-22 12:49:17',2,1),(15,5,50,34,'2015-12-22 12:49:32','2015-12-22 12:49:37',2,1),(16,6,34,18,'2015-12-22 12:49:52','2015-12-22 12:49:59',2,1),(17,7,18,6,'2015-12-22 12:50:14','2015-12-22 12:50:19',2,1),(18,8,6,-2,'2015-12-22 12:50:34','2015-12-22 12:50:39',2,1),(19,9,-2,-2,'2015-12-22 12:50:54','2015-12-22 12:51:02',2,1),(20,10,-2,-6,'2015-12-22 12:51:17','2015-12-22 12:51:22',2,1),(21,1,120,108,'2015-12-22 13:34:19','2015-12-22 13:34:38',3,1),(22,2,108,92,'2015-12-22 13:34:53','2015-12-22 13:35:15',3,1),(23,3,92,80,'2015-12-22 13:35:30','2015-12-22 13:35:39',3,1),(24,4,80,62,'2015-12-22 13:35:54','2015-12-22 13:36:17',3,1),(25,5,62,48,'2015-12-22 13:36:32','2015-12-22 13:36:40',3,1),(26,6,48,42,'2015-12-22 13:36:55','2015-12-22 13:37:10',3,1),(27,7,42,30,'2015-12-22 13:37:25','2015-12-22 13:37:38',3,1),(28,8,30,20,'2015-12-22 13:37:53','2015-12-22 13:38:02',3,1),(29,9,20,8,'2015-12-22 13:38:17','2015-12-22 13:38:33',3,1),(30,10,8,2,'2015-12-22 13:38:48','2015-12-22 13:39:04',3,1),(31,1,120,108,'2015-12-22 14:00:28','2015-12-22 14:00:41',4,1),(32,2,108,98,'2015-12-22 14:00:56','2015-12-22 14:01:09',4,1),(33,3,98,88,'2015-12-22 14:01:24','2015-12-22 14:01:35',4,1),(34,4,88,66,'2015-12-22 14:01:50','2015-12-22 14:02:00',4,1),(35,5,66,58,'2015-12-22 14:02:15','2015-12-22 14:02:22',4,1),(36,6,58,50,'2015-12-22 14:02:37','2015-12-22 14:02:42',4,1),(37,7,50,36,'2015-12-22 14:02:57','2015-12-22 14:03:06',4,1),(38,8,36,26,'2015-12-22 14:03:21','2015-12-22 14:03:31',4,1),(39,9,26,10,'2015-12-22 14:03:46','2015-12-22 14:03:52',4,1),(40,10,10,-2,'2015-12-22 14:04:07','2015-12-22 14:04:11',4,1),(41,1,120,108,'2015-12-22 14:19:28','2015-12-22 14:19:41',5,1),(42,2,108,94,'2015-12-22 14:19:56','2015-12-22 14:20:07',5,1),(43,3,94,84,'2015-12-22 14:20:22','2015-12-22 14:20:28',5,1),(44,4,84,78,'2015-12-22 14:20:43','2015-12-22 14:20:51',5,1),(45,5,78,62,'2015-12-22 14:21:06','2015-12-22 14:21:13',5,1),(46,6,62,42,'2015-12-22 14:21:28','2015-12-22 14:21:33',5,1),(47,7,42,22,'2015-12-22 14:21:48','2015-12-22 14:21:55',5,1),(48,8,22,8,'2015-12-22 14:22:10','2015-12-22 14:22:16',5,1),(49,9,8,0,'2015-12-22 14:22:31','2015-12-22 14:22:50',5,1),(50,10,0,-2,'2015-12-22 14:23:05','2015-12-22 14:23:18',5,1),(51,1,120,110,'2015-12-22 14:39:04','2015-12-22 14:39:14',6,1),(52,2,110,102,'2015-12-22 14:39:29','2015-12-22 14:39:37',6,1),(53,3,102,86,'2015-12-22 14:39:52','2015-12-22 14:39:59',6,1),(54,4,86,74,'2015-12-22 14:40:14','2015-12-22 14:40:21',6,1),(55,5,74,64,'2015-12-22 14:40:36','2015-12-22 14:40:42',6,1),(56,6,64,54,'2015-12-22 14:40:57','2015-12-22 14:41:05',6,1),(57,7,54,36,'2015-12-22 14:41:20','2015-12-22 14:41:28',6,1),(58,8,36,28,'2015-12-22 14:41:43','2015-12-22 14:41:58',6,1),(59,9,28,14,'2015-12-22 14:42:13','2015-12-22 14:42:21',6,1),(60,10,14,-4,'2015-12-22 14:42:36','2015-12-22 14:42:42',6,1),(61,1,120,108,'2015-12-22 15:01:37','2015-12-22 15:01:46',7,1),(62,2,108,92,'2015-12-22 15:02:01','2015-12-22 15:02:14',7,1),(63,3,92,78,'2015-12-22 15:02:29','2015-12-22 15:02:53',7,1),(64,4,78,54,'2015-12-22 15:03:08','2015-12-22 15:03:33',7,1),(65,5,54,38,'2015-12-22 15:03:48','2015-12-22 15:04:03',7,1),(66,6,38,20,'2015-12-22 15:04:18','2015-12-22 15:04:33',7,1),(67,7,20,8,'2015-12-22 15:04:48','2015-12-22 15:04:54',7,1),(68,8,8,2,'2015-12-22 15:05:09','2015-12-22 15:05:20',7,1),(69,9,2,-10,'2015-12-22 15:05:35','2015-12-22 15:05:50',7,1),(70,10,-10,-14,'2015-12-22 15:06:05','2015-12-22 15:06:11',7,1),(71,1,120,104,'2015-12-22 15:42:27','2015-12-22 15:42:38',8,1),(72,2,104,86,'2015-12-22 15:42:53','2015-12-22 15:43:08',8,1),(73,3,86,68,'2015-12-22 15:43:23','2015-12-22 15:43:30',8,1),(74,4,68,50,'2015-12-22 15:43:45','2015-12-22 15:43:52',8,1),(75,5,50,34,'2015-12-22 15:44:07','2015-12-22 15:44:16',8,1),(76,6,34,20,'2015-12-22 15:44:31','2015-12-22 15:44:39',8,1),(77,7,20,8,'2015-12-22 15:44:54','2015-12-22 15:45:01',8,1),(78,8,8,4,'2015-12-22 15:45:16','2015-12-22 15:45:25',8,1),(79,9,4,-4,'2015-12-22 15:45:40','2015-12-22 15:45:53',8,1),(80,10,-4,-12,'2015-12-22 15:46:08','2015-12-22 15:46:17',8,1),(81,1,120,104,'2015-12-22 16:18:37','2015-12-22 16:18:53',9,1),(82,2,104,92,'2015-12-22 16:19:08','2015-12-22 16:19:20',9,1),(83,3,92,80,'2015-12-22 16:19:35','2015-12-22 16:19:46',9,1),(84,4,80,68,'2015-12-22 16:20:01','2015-12-22 16:20:19',9,1),(85,5,68,54,'2015-12-22 16:20:34','2015-12-22 16:20:51',9,1),(86,6,54,44,'2015-12-22 16:21:06','2015-12-22 16:21:16',9,1),(87,7,44,26,'2015-12-22 16:21:31','2015-12-22 16:21:50',9,1),(88,8,26,20,'2015-12-22 16:22:05','2015-12-22 16:22:12',9,1),(89,9,20,6,'2015-12-22 16:22:27','2015-12-22 16:22:32',9,1),(90,10,6,-14,'2015-12-22 16:22:47','2015-12-22 16:23:01',9,1),(91,1,120,104,'2015-12-22 16:51:45','2015-12-22 16:51:54',10,1),(92,2,104,90,'2015-12-22 16:52:09','2015-12-22 16:52:16',10,1),(93,3,90,74,'2015-12-22 16:52:31','2015-12-22 16:52:38',10,1),(94,4,74,54,'2015-12-22 16:52:53','2015-12-22 16:53:02',10,1),(95,5,54,36,'2015-12-22 16:53:17','2015-12-22 16:53:30',10,1),(96,6,36,22,'2015-12-22 16:53:45','2015-12-22 16:53:54',10,1),(97,7,22,8,'2015-12-22 16:54:09','2015-12-22 16:54:15',10,1),(98,8,8,-2,'2015-12-22 16:54:30','2015-12-22 16:54:35',10,1),(99,9,-2,-2,'2015-12-22 16:54:50','2015-12-22 16:54:57',10,1),(100,10,-2,-2,'2015-12-22 16:55:12','2015-12-22 16:55:19',10,1),(101,1,120,106,'2015-12-22 17:11:14','2015-12-22 17:11:27',11,1),(102,2,106,90,'2015-12-22 17:11:42','2015-12-22 17:11:54',11,1),(103,3,90,78,'2015-12-22 17:12:09','2015-12-22 17:12:22',11,1),(104,4,78,66,'2015-12-22 17:12:37','2015-12-22 17:12:46',11,1),(105,5,66,54,'2015-12-22 17:13:01','2015-12-22 17:13:11',11,1),(106,6,54,40,'2015-12-22 17:13:26','2015-12-22 17:13:39',11,1),(107,7,40,22,'2015-12-22 17:13:54','2015-12-22 17:14:05',11,1),(108,8,22,4,'2015-12-22 17:14:20','2015-12-22 17:14:39',11,1),(109,9,4,-8,'2015-12-22 17:14:54','2015-12-22 17:15:02',11,1),(110,10,-8,-18,'2015-12-22 17:15:17','2015-12-22 17:15:41',11,1),(111,1,120,116,'2015-12-23 14:37:34','2015-12-23 14:37:40',12,1),(112,2,116,102,'2015-12-23 14:37:55','2015-12-23 14:38:05',12,1),(113,3,102,88,'2015-12-23 14:38:20','2015-12-23 14:38:29',12,1),(114,4,88,84,'2015-12-23 14:38:44','2015-12-23 14:38:51',12,1),(115,5,84,64,'2015-12-23 14:39:06','2015-12-23 14:39:14',12,1),(116,6,64,48,'2015-12-23 14:39:29','2015-12-23 14:39:37',12,1),(117,7,48,34,'2015-12-23 14:39:52','2015-12-23 14:39:58',12,1),(118,8,34,30,'2015-12-23 14:40:13','2015-12-23 14:40:19',12,1),(119,9,30,30,'2015-12-23 14:40:34','2015-12-23 14:40:40',12,1),(120,10,30,22,'2015-12-23 14:40:55','2015-12-23 14:41:04',12,1),(121,1,120,110,'2015-12-23 16:19:22','2015-12-23 16:19:39',13,1),(122,2,110,98,'2015-12-23 16:19:54','2015-12-23 16:20:03',13,1),(123,3,98,86,'2015-12-23 16:20:18','2015-12-23 16:20:48',13,1),(124,4,86,72,'2015-12-23 16:21:03','2015-12-23 16:21:33',13,1),(125,5,72,59,'2015-12-23 16:21:48','2015-12-23 16:22:18',13,1),(126,6,59,43,'2015-12-23 16:22:33','2015-12-23 16:23:03',13,1),(127,7,43,27,'2015-12-23 16:23:18','2015-12-23 16:23:48',13,1),(128,8,27,9,'2015-12-23 16:24:03','2015-12-23 16:24:33',13,1),(129,9,9,-5,'2015-12-23 16:24:48','2015-12-23 16:25:18',13,1),(130,10,-5,-11,'2015-12-23 16:25:33','2015-12-23 16:26:03',13,1),(131,1,120,108,'2015-12-23 16:45:23','2015-12-23 16:45:35',14,1),(132,2,108,98,'2015-12-23 16:45:50','2015-12-23 16:46:02',14,1),(133,3,98,86,'2015-12-23 16:46:17','2015-12-23 16:46:23',14,1),(134,4,86,74,'2015-12-23 16:46:38','2015-12-23 16:46:47',14,1),(135,5,74,62,'2015-12-23 16:47:02','2015-12-23 16:47:08',14,1),(136,6,62,50,'2015-12-23 16:47:23','2015-12-23 16:47:28',14,1),(137,7,50,38,'2015-12-23 16:47:43','2015-12-23 16:47:49',14,1),(138,8,38,24,'2015-12-23 16:48:04','2015-12-23 16:48:17',14,1),(139,9,24,10,'2015-12-23 16:48:32','2015-12-23 16:48:51',14,1),(140,10,10,2,'2015-12-23 16:49:06','2015-12-23 16:49:12',14,1),(141,1,120,102,'2015-12-23 17:15:02','2015-12-23 17:15:32',15,1),(142,2,102,82,'2015-12-23 17:15:47','2015-12-23 17:15:56',15,1),(143,3,82,64,'2015-12-23 17:16:11','2015-12-23 17:16:22',15,1),(144,4,64,44,'2015-12-23 17:16:37','2015-12-23 17:16:49',15,1),(145,5,44,24,'2015-12-23 17:17:04','2015-12-23 17:17:18',15,1),(146,6,24,8,'2015-12-23 17:17:33','2015-12-23 17:17:39',15,1),(147,7,8,-10,'2015-12-23 17:17:54','2015-12-23 17:17:59',15,1),(148,8,-10,-20,'2015-12-23 17:18:14','2015-12-23 17:18:19',15,1),(149,9,-20,-32,'2015-12-23 17:18:34','2015-12-23 17:18:38',15,1),(150,10,-32,-44,'2015-12-23 17:18:53','2015-12-23 17:18:58',15,1),(151,1,120,102,'2015-12-23 18:09:02','2015-12-23 18:09:14',17,1),(152,2,102,82,'2015-12-23 18:09:29','2015-12-23 18:09:43',17,1),(153,3,82,62,'2015-12-23 18:09:58','2015-12-23 18:10:10',17,1),(154,4,62,46,'2015-12-23 18:10:25','2015-12-23 18:10:38',17,1),(155,5,46,28,'2015-12-23 18:10:53','2015-12-23 18:11:04',17,1),(156,6,28,16,'2015-12-23 18:11:19','2015-12-23 18:11:29',17,1),(157,7,16,6,'2015-12-23 18:11:44','2015-12-23 18:11:50',17,1),(158,8,6,-2,'2015-12-23 18:12:05','2015-12-23 18:12:12',17,1),(159,9,-2,-2,'2015-12-23 18:12:27','2015-12-23 18:12:32',17,1),(160,10,-2,-2,'2015-12-23 18:12:47','2015-12-23 18:12:56',17,1),(161,1,120,104,'2015-12-23 18:41:53','2015-12-23 18:42:02',18,1),(162,2,104,88,'2015-12-23 18:42:17','2015-12-23 18:42:26',18,1),(163,3,88,78,'2015-12-23 18:42:41','2015-12-23 18:42:49',18,1),(164,4,78,66,'2015-12-23 18:43:04','2015-12-23 18:43:10',18,1),(165,5,66,48,'2015-12-23 18:43:25','2015-12-23 18:43:31',18,1),(166,6,48,32,'2015-12-23 18:43:46','2015-12-23 18:43:51',18,1),(167,7,32,14,'2015-12-23 18:44:06','2015-12-23 18:44:14',18,1),(168,8,14,4,'2015-12-23 18:44:29','2015-12-23 18:44:33',18,1),(169,9,4,-2,'2015-12-23 18:44:48','2015-12-23 18:44:54',18,1),(170,10,-2,-4,'2015-12-23 18:45:09','2015-12-23 18:45:14',18,1),(171,1,120,104,'2015-12-23 19:12:55','2015-12-23 19:13:09',19,1),(172,2,104,90,'2015-12-23 19:13:24','2015-12-23 19:13:35',19,1),(173,3,90,70,'2015-12-23 19:13:50','2015-12-23 19:14:13',19,1),(174,4,70,52,'2015-12-23 19:14:28','2015-12-23 19:14:37',19,1),(175,5,52,32,'2015-12-23 19:14:52','2015-12-23 19:15:06',19,1),(176,6,32,14,'2015-12-23 19:15:21','2015-12-23 19:15:28',19,1),(177,7,14,0,'2015-12-23 19:15:43','2015-12-23 19:15:51',19,1),(178,8,0,-4,'2015-12-23 19:16:06','2015-12-23 19:16:18',19,1),(179,9,-4,-8,'2015-12-23 19:16:33','2015-12-23 19:16:50',19,1),(180,10,-8,-16,'2015-12-23 19:17:05','2015-12-23 19:17:14',19,1);
/*!40000 ALTER TABLE `game_ronda` ENABLE KEYS */;
UNLOCK TABLES;

--
-- Table structure for table `game_user`
--

DROP TABLE IF EXISTS `game_user`;
/*!40101 SET @saved_cs_client     = @@character_set_client */;
/*!40101 SET character_set_client = utf8 */;
CREATE TABLE `game_user` (
  `id` int(11) NOT NULL AUTO_INCREMENT,
  `nickname` varchar(100) NOT NULL,
  `codi_postal` varchar(6) NOT NULL,
  `genere` varchar(1) NOT NULL,
  `rang_edat` int(11) NOT NULL,
  `nivell_estudis` varchar(100) NOT NULL,
  `prfinal0` varchar(750) NOT NULL,
  `prfinal1` varchar(20) NOT NULL,
  `prfinal2` varchar(20) NOT NULL,
  `prfinal3` varchar(20) NOT NULL,
  `prfinal4` varchar(20) NOT NULL,
  `prfinal5` varchar(20) NOT NULL,
  `prfinal6` varchar(20) NOT NULL,
  `prfinal7` varchar(20) NOT NULL,
  `prfinal8` varchar(20) NOT NULL,
  `prfinal9` varchar(20) NOT NULL,
  `prfinal10` varchar(20) NOT NULL,
  `prfinal11` varchar(20) NOT NULL,
  `prfinal12` varchar(20) NOT NULL,
  `prfinal13` varchar(20) DEFAULT NULL,
  `data_creacio` datetime NOT NULL,
  `data_finalitzacio` datetime DEFAULT NULL,
  `acabat` tinyint(1) NOT NULL,
  `data_registre` datetime DEFAULT NULL,
  `diners_inicials` int(11) DEFAULT NULL,
  `diners_actuals` int(11) DEFAULT NULL,
  `check_1` varchar(20) NOT NULL,
  `check_2` varchar(20) NOT NULL,
  `check_3` varchar(20) NOT NULL,
  `partida_id` int(11) DEFAULT NULL,
  `is_robot` tinyint(1) NOT NULL,
  `num_jugador` int(11) DEFAULT NULL,
  `prfinal14` varchar(20) DEFAULT NULL,
  `prfinal15` varchar(20) DEFAULT NULL,
  `guany_final` int(11) NOT NULL,
  `num_seleccions` int(11) NOT NULL,
  `sorteig` tinyint(1) NOT NULL,
  PRIMARY KEY (`id`),
  KEY `game_user_9aff54f4` (`partida_id`),
  CONSTRAINT `game_user_partida_id_49f688101b831d41_fk_game_partida_id` FOREIGN KEY (`partida_id`) REFERENCES `game_partida` (`id`)
) ENGINE=InnoDB AUTO_INCREMENT=124 DEFAULT CHARSET=latin1;
/*!40101 SET character_set_client = @saved_cs_client */;

--
-- Dumping data for table `game_user`
--

LOCK TABLES `game_user` WRITE;
/*!40000 ALTER TABLE `game_user` DISABLE KEYS */;
INSERT INTO `game_user` VALUES (1,'Test5','09000','d',56,'r1','','r1','r4','r3','r1','r1','r2','r1','r2','r3','r1','r4','r3','r1','2015-12-22 10:22:58','2015-12-22 10:33:11',1,'2015-12-22 10:25:15',30,8,'true','false','false',1,0,3,'r1','r4',8,10,0),(2,'Test2','12345','d',16,'r2','','r1','r3','r4','r2','r2','r1','r2','r2','r2','r1','r4','r4','r3','2015-12-22 10:23:22','2015-12-22 10:33:16',1,'2015-12-22 10:25:20',40,30,'true','true','false',1,0,6,'r3','r1',30,10,0),(3,'Test1','12345','h',12,'r1','','r1','r3','r1','r2','r1','r2','r3','r2','r1','r4','r1','r3','r1','2015-12-22 10:23:40','2015-12-22 10:33:18',1,'2015-12-22 10:25:11',40,32,'true','true','false',1,0,4,'r4','r3',32,10,1),(4,'Test3','12345','h',14,'r1','','r1','r1','r1','r1','r4','r1','r1','r2','r3','r1','r4','r3','r1','2015-12-22 10:23:53','2015-12-22 10:34:44',1,'2015-12-22 10:25:09',20,0,'true','true','false',1,0,1,'r3','r4',0,10,0),(5,'Test4','09000','h',55,'r1','','r1','r1','r1','r1','r2','r3','r1','r2','r3','r1','r4','r3','r1','2015-12-22 10:23:58','2015-12-22 10:35:03',1,'2015-12-22 10:25:14',60,28,'true','true','false',1,0,5,'r4','r3',28,10,0),(6,'Test6','12345','h',23,'r2','','r1','r1','r1','r1','r1','r1','r1','r2','r3','r1','r1','r1','r1','2015-12-22 10:24:14','2015-12-22 10:34:50',1,'2015-12-22 10:25:07',50,20,'true','true','false',1,0,2,'r2','r3',20,9,0),(7,'Aure','08025','d',26,'r6','','r1','r2','r2','r3','r3','r2','r2','r1','r2','r2','r4','r2','r2','2015-12-22 12:36:37','2015-12-22 12:56:08',1,'2015-12-22 12:39:27',40,26,'true','false','false',2,0,2,'r2','r2',26,10,1),(8,'Mercè','08022','d',41,'r6','','r1','r2','r2','r3','r3','r1','r1','r1','r1','r2','r1','r3','r2','2015-12-22 12:39:03','2015-12-22 12:57:31',1,'2015-12-22 12:40:08',30,14,'true','false','false',2,0,6,'r1','r1',14,10,0),(9,'Coia','08016','h',57,'r6','','r1','r2','r2','r1','r2','r3','r1','r2','r2','r2','r3','r1','r2','2015-12-22 12:41:34','2015-12-22 12:56:15',1,'2015-12-22 12:43:31',20,2,'true','false','false',2,0,1,'r1','r3',2,10,0),(10,'Miranfu','08008','d',47,'r6','','r1','r2','r1','r2','r2','r2','r3','r3','r3','r2','r3','r3','r2','2015-12-22 12:43:16','2015-12-22 12:55:26',1,'2015-12-22 12:46:38',40,22,'true','false','false',2,0,3,'r3','r1',22,10,0),(11,'SvK','08197','h',38,'r6','','r1','r1','r1','r3','r3','r2','r1','r2','r1','r2','r3','r3','r2','2015-12-22 12:44:41','2015-12-22 12:56:26',1,'2015-12-22 12:46:54',60,26,'true','false','true',2,0,4,'r1','r3',26,10,0),(12,'Marieta','08205','h',62,'r6','','r1','r2','r2','r3','r3','r2','r1','r1','r1','r2','r3','r3','r2','2015-12-22 12:45:25','2015-12-22 12:59:50',1,'2015-12-22 12:47:20',50,24,'true','false','false',2,0,5,'r2','r2',24,10,0),(13,'Alujas','08211','h',19,'r4','','r1','r2','r2','r2','r1','r1','r1','r1','r1','r2','r3','r3','r2','2015-12-22 13:29:21','2015-12-22 13:43:41',1,'2015-12-22 13:32:51',60,32,'true','false','true',3,0,6,'r1','r2',0,10,0),(14,'Uri','08202','h',19,'r4','','r1','r2','r4','r3','r4','r1','r1','r3','r1','r2','r3','r3','r2','2015-12-22 13:29:22','2015-12-22 13:44:04',1,'2015-12-22 13:32:52',20,8,'true','false','false',3,0,1,'r2','r2',0,10,0),(15,'Tomas','08291','h',19,'r6','','r1','r2','r2','r3','r3','r1','r1','r1','r1','r2','r3','r3','r1','2015-12-22 13:29:33','2015-12-22 13:43:34',1,'2015-12-22 13:32:25',40,26,'true','false','true',3,0,5,'r2','r3',0,10,0),(16,'Davdi','08290','h',19,'r4','','r1','r2','r2','r3','r3','r1','r1','r2','r2','r2','r4','r3','r2','2015-12-22 13:29:38','2015-12-22 13:43:36',1,'2015-12-22 13:32:08',50,24,'true','false','true',3,0,3,'r1','r4',0,10,0),(17,'Charli','08034','h',17,'r3','','r1','r2','r1','r4','r3','r1','r1','r1','r3','r2','r3','r3','r2','2015-12-22 13:31:26','2015-12-22 13:42:29',1,'2015-12-22 13:33:09',40,20,'true','false','false',3,0,2,'r3','r3',0,10,0),(18,'Ed','08173','h',18,'r4','','r1','r2','r4','r3','r1','r1','r3','r1','r1','r2','r1','r3','r2','2015-12-22 13:33:06','2015-12-22 13:44:24',1,'2015-12-22 13:33:44',30,12,'true','false','false',3,0,4,'r4','r3',0,10,1),(19,'Carlos2','08016','h',17,'r3','','','','','','','','','','','','','',NULL,'2015-12-22 13:52:22',NULL,0,NULL,0,0,'true','false','false',NULL,0,NULL,NULL,NULL,0,0,0),(20,'Carlos2','08016','h',17,'r3','','r1','r2','r4','r3','r3','r1','r1','r2','r1','r2','r3','r3','r2','2015-12-22 13:52:22','2015-12-22 14:08:23',1,'2015-12-22 13:53:55',60,38,'true','false','false',4,0,5,'r1','r3',38,10,0),(21,'Pepetd','08070','h',69,'r5','','r1','r2','r2','r3','r4','r1','r1','r1','r2','r2','r3','r3','r2','2015-12-22 13:53:57','2015-12-22 14:08:40',1,'2015-12-22 13:55:55',50,38,'true','false','false',4,0,4,'r3','r3',38,10,0),(22,'Luis','08034','h',17,'r3','','r1','r1','r2','r3','r3','r3','r1','r3','r3','r2','r3','r3','r2','2015-12-22 13:54:28','2015-12-22 14:08:54',1,'2015-12-22 13:57:59',30,18,'true','false','false',4,0,6,'r1','r3',18,10,0),(23,'Eea','08017','h',17,'r3','','r1','r1','r1','r3','r3','r1','r1','r2','r1','r2','r4','r3','r2','2015-12-22 13:54:53','2015-12-22 14:08:06',1,'2015-12-22 13:58:36',20,0,'true','false','true',4,0,1,'r1','r2',0,10,0),(24,'Tostadora','08173','h',17,'r4','','r1','r1','r1','r3','r3','r3','r1','r2','r1','r2','r1','r3','r2','2015-12-22 13:55:28','2015-12-22 14:08:10',1,'2015-12-22 13:58:41',40,12,'true','true','true',4,0,3,'r3','r2',12,10,0),(25,'Petarda','08022','h',17,'r3','','r1','r1','r2','r3','r1','r1','r1','r2','r1','r2','r3','r4','r2','2015-12-22 13:55:47','2015-12-22 14:07:54',1,'2015-12-22 13:59:53',40,12,'true','false','true',4,0,2,'r1','r3',12,10,1),(26,'Carbu','08960','h',20,'r4','','r1','r2','r1','r1','r1','r1','r1','r1','r1','r2','r3','r3','r2','2015-12-22 14:12:06','2015-12-22 14:28:19',1,'2015-12-22 14:16:07',40,16,'true','false','true',5,0,1,'r1','r4',16,9,0),(27,'eliloru','08397','h',20,'r4','','r1','r2','r2','r3','r3','r3','r3','r2','r1','r2','r1','r3','r2','2015-12-22 14:12:41','2015-12-22 14:27:20',1,'2015-12-22 14:13:41',50,24,'true','true','false',5,0,5,'r1','r3',24,10,0),(28,'Boils','08013','h',44,'r6','','r1','r2','r2','r2','r2','r1','r2','r1','r2','r2','r1','r3','r2','2015-12-22 14:13:27','2015-12-22 14:28:04',1,'2015-12-22 14:16:40',30,4,'true','false','false',5,0,6,'r2','r2',4,10,0),(29,'Adri','08193','h',17,'r4','','r2','r3','r1','r2','r2','r3','r1','r2','r2','r2','r3','r3','r2','2015-12-22 14:14:10','2015-12-22 14:26:55',1,'2015-12-22 14:15:38',40,16,'true','false','false',5,0,2,'r2','r4',16,10,1),(30,'Trico','08110','h',29,'r2','','r1','r2','r4','r3','r3','r1','r1','r2','r1','r2','r3','r3','r2','2015-12-22 14:14:21','2015-12-22 14:27:00',1,'2015-12-22 14:17:11',20,14,'true','false','false',5,0,4,'r1','r3',14,10,0),(31,'Skrymex','08290','h',17,'r3','','r1','r2','r2','r3','r3','r1','r2','r1','r2','r2','r1','r3','r2','2015-12-22 14:17:17','2015-12-22 14:28:31',1,'2015-12-22 14:18:49',60,44,'true','false','true',5,0,3,'r1','r4',44,10,0),(32,'Lluna','08193','d',17,'r4','','r1','r1','r3','r2','r1','r3','r1','r1','r2','r2','r3','r3','r2','2015-12-22 14:31:25','2015-12-22 14:45:55',1,'2015-12-22 14:31:36',30,6,'true','false','false',6,0,1,'r1','r4',6,9,1),(33,'Heras','08197','h',17,'r3','','r1','r2','r2','r3','r3','r1','r2','r1','r1','r2','r3','r3','r2','2015-12-22 14:31:32','2015-12-22 14:48:40',1,'2015-12-22 14:31:41',60,20,'true','false','false',6,0,5,'r3','r4',20,10,0),(34,'Mekii','08820','d',17,'r5','','r1','r2','r4','r4','r3','r1','r3','r1','r3','r2','r3','r1','r4','2015-12-22 14:34:21','2015-12-22 14:48:16',1,'2015-12-22 14:36:48',40,38,'true','true','true',6,0,3,'r4','r2',38,10,0),(35,'Celiamp','08024','d',16,'r3','','r1','r1','r4','r2','r2','r3','r3','r1','r3','r2','r1','r3','r2','2015-12-22 14:34:26','2015-12-22 14:45:51',1,'2015-12-22 14:36:58',40,10,'true','false','true',6,0,6,'r1','r2',10,10,0),(36,'Nuriam','08031','d',17,'r3','','r1','r1','r2','r2','r2','r1','r2','r1','r2','r2','r4','r3','r3','2015-12-22 14:34:34','2015-12-22 14:48:09',1,'2015-12-22 14:38:23',50,38,'true','true','true',6,0,2,'r2','r3',38,10,0),(37,'Marcb','08100','h',16,'r3','','r1','r1','r2','r2','r1','r1','r2','r1','r2','r2','r3','r3','r2','2015-12-22 14:35:01','2015-12-22 14:46:06',1,'2015-12-22 14:37:30',20,4,'true','false','false',6,0,4,'r3','r2',4,10,0),(38,'Raboa','08006','d',39,'r6','','r1','r2','r2','r2','r1','r3','r2','r2','r1','r2','r3','r3','r2','2015-12-22 14:55:59','2015-12-22 15:09:03',1,'2015-12-22 14:57:41',50,20,'true','true','true',7,0,3,'r1','r2',20,10,0),(39,'Marta','08017','h',23,'r6','','r1','r2','r1','r3','r2','r3','r1','r2','r2','r2','r1','r3','r2','2015-12-22 14:56:16','2015-12-22 15:11:24',1,'2015-12-22 14:56:43',40,22,'true','false','false',7,0,5,'r3','r3',22,10,0),(40,'Agusaradarousi','08017','d',30,'r3','','r1','r1','r2','r3','r3','r3','r2','r1','r1','r2','r3','r3','r2','2015-12-22 14:57:06','2015-12-22 15:10:36',1,'2015-12-22 15:01:01',40,18,'true','false','false',7,0,4,'r1','r4',18,10,0),(41,'Ana','08012','d',24,'r6','','r1','r2','r1','r3','r3','r3','r1','r2','r1','r2','r3','r3','r2','2015-12-22 14:57:12','2015-12-22 15:11:23',1,'2015-12-22 14:57:45',60,36,'true','false','false',7,0,2,'r1','r3',36,10,0),(42,'Troc','08025','h',28,'r6','','r1','r2','r3','r2','r2','r1','r1','r2','r2','r2','r1','r3','r2','2015-12-22 14:57:41','2015-12-22 15:09:29',1,'2015-12-22 14:59:10',20,0,'true','false','false',7,0,6,'r1','r3',0,10,0),(43,'Marc','08017','h',25,'r6','','r1','r1','r1','r2','r3','r2','r1','r3','r1','r2','r1','r3','r2','2015-12-22 14:58:39','2015-12-22 15:10:12',1,'2015-12-22 15:00:43',30,10,'true','true','true',7,0,1,'r1','r4',10,10,1),(44,'Neus','08034','d',15,'r2','','r1','r2','r3','r3','r3','r1','r1','r3','r2','r2','r1','r3','r1','2015-12-22 15:34:38','2015-12-22 15:51:58',1,'2015-12-22 15:35:16',60,38,'true','false','true',8,0,4,'r1','r4',38,10,0),(45,'Jordi98','08195','h',17,'r3','','r1','r2','r3','r3','r3','r1','r2','r2','r2','r2','r3','r3','r4','2015-12-22 15:35:00','2015-12-22 15:50:05',1,'2015-12-22 15:40:40',40,36,'true','false','true',8,0,6,'r1','r4',36,10,0),(46,'Anna','08017','d',15,'r3','','r1','r1','r2','r3','r3','r3','r2','r1','r2','r2','r4','r3','r2','2015-12-22 15:36:20','2015-12-22 15:53:55',1,'2015-12-22 15:41:52',20,0,'true','false','false',8,0,2,'r3','r4',0,10,0),(47,'Ferran','08013','h',32,'r5','','r1','r1','r1','r2','r3','r3','r1','r1','r1','r2','r3','r3','r2','2015-12-22 15:36:30','2015-12-22 15:52:11',1,'2015-12-22 15:40:50',50,16,'true','true','true',8,0,3,'r1','r3',16,10,0),(48,'Alvaro','08034','h',27,'r6','','r1','r1','r2','r2','r3','r3','r2','r3','r3','r2','r3','r3','r2','2015-12-22 15:37:06','2015-12-22 15:51:14',1,'2015-12-22 15:38:48',30,2,'true','false','false',8,0,1,'r1','r3',2,10,1),(49,'Belenda','08017','d',18,'r4','','r1','r1','r1','r2','r3','r1','r1','r2','r3','r2','r3','r3','r2','2015-12-22 15:37:47','2015-12-22 15:50:22',1,'2015-12-22 15:41:35',40,16,'true','false','true',8,0,5,'r3','r3',16,10,0),(50,'Nat67','08017','d',48,'r6','','r1','r2','r2','r3','r2','r1','r1','r1','r1','r2','r3','r4','r2','2015-12-22 16:05:43','2015-12-22 16:26:42',1,'2015-12-22 16:08:26',20,0,'true','false','false',9,0,2,'r1','r4',0,10,0),(51,'Viajero','08017','h',45,'r5','','r1','r3','r4','r3','r3','r1','r3','r1','r1','r2','r3','r3','r2','2015-12-22 16:09:39','2015-12-22 16:28:54',1,'2015-12-22 16:14:07',40,10,'true','true','false',9,0,5,'r1','r2',10,10,0),(52,'Guillermo','08022','h',26,'r5','','r1','r2','r3','r3','r3','r3','r3','r3','r1','r2','r3','r3','r2','2015-12-22 16:12:09','2015-12-22 16:26:57',1,'2015-12-22 16:14:02',30,18,'true','false','false',9,0,6,'r3','r3',18,10,0),(53,'Carla','08758','d',16,'r3','','r1','r3','r4','r3','r3','r3','r3','r3','r3','r2','r4','r3','r2','2015-12-22 16:13:18','2015-12-22 16:25:20',1,'2015-12-22 16:14:47',40,16,'true','false','false',9,0,3,'r3','r3',16,10,0),(54,'Pachu','08034','d',22,'r3','','r1','r1','r2','r3','r2','r3','r3','r1','r2','r2','r4','r4','r2','2015-12-22 16:15:24','2015-12-22 16:27:50',1,'2015-12-22 16:17:59',60,44,'true','false','false',9,0,1,'r1','r2',44,10,0),(55,'Axeliu','08017','h',17,'r3','','r1','r2','r1','r1','r1','r3','r1','r3','r3','r2','r3','r4','r2','2015-12-22 16:16:28','2015-12-22 16:26:02',1,'2015-12-22 16:17:34',50,18,'true','false','false',9,0,4,'r4','r3',18,10,1),(56,'Ant','08006','d',17,'r3','','r1','r2','r2','r3','r3','r2','r2','r3','r3','r2','r3','r3','r2','2015-12-22 16:46:58','2015-12-22 16:58:54',1,'2015-12-22 16:49:34',40,20,'true','false','true',10,0,4,'r1','r4',20,10,0),(57,'Maria','08006','d',17,'r4','','r1','r2','r2','r3','r1','r3','r1','r1','r1','r2','r3','r3','r3','2015-12-22 16:47:09','2015-12-22 16:59:45',1,'2015-12-22 16:48:59',40,22,'true','true','true',10,0,5,'r1','r3',22,10,0),(58,'Irina','08006','d',17,'r3','','r1','r2','r2','r3','r3','r3','r1','r3','r3','r2','r4','r3','r2','2015-12-22 16:47:27','2015-12-22 16:59:45',1,'2015-12-22 16:48:28',30,10,'true','false','false',10,0,1,'r2','r2',10,10,0),(59,'Paloma','08034','d',44,'r4','','r1','r2','r4','r2','r4','r3','r3','r3','r3','r2','r3','r3','r2','2015-12-22 16:47:44','2015-12-22 16:59:38',1,'2015-12-22 16:51:03',20,0,'true','true','false',10,0,2,'r1','r2',0,10,0),(60,'Monica','08023','d',20,'r4','','r1','r1','r2','r3','r3','r3','r1','r2','r2','r2','r3','r3','r2','2015-12-22 16:48:04','2015-12-22 16:59:15',1,'2015-12-22 16:48:26',60,36,'true','false','false',10,0,3,'r1','r1',36,10,1),(61,'Pau','08840','h',26,'r7','','r1','r1','r1','r3','r3','r1','r1','r2','r2','r2','r3','r3','r1','2015-12-22 16:48:13','2015-12-22 17:00:19',1,'2015-12-22 16:48:54',50,30,'true','false','true',10,0,6,'r3','r2',30,10,0),(62,'Saskia','08034','d',14,'r2','','r1','r1','r2','r3','r3','r3','r3','r3','r1','r2','r3','r3','r4','2015-12-22 17:05:06','2015-12-22 17:18:40',1,'2015-12-22 17:08:31',50,28,'true','false','false',11,0,3,'r3','r3',28,10,0),(63,'Millie','08013','d',15,'r2','','r1','r1','r2','r2','r2','r1','r1','r1','r1','r1','r4','r1','r2','2015-12-22 17:06:02','2015-12-22 17:21:15',1,'2015-12-22 17:06:20',40,22,'true','false','false',11,0,2,'r2','r4',22,10,1),(64,'Marteta','08034','d',22,'r6','','r1','r1','r3','r3','r3','r1','r3','r1','r1','r2','r4','r3','r2','2015-12-22 17:06:11','2015-12-22 17:19:25',1,'2015-12-22 17:09:17',20,2,'true','false','false',11,0,5,'r3','r3',2,10,0),(65,'Ari','08006','d',14,'r3','','r1','r1','r2','r3','r3','r1','r1','r1','r1','r2','r3','r3','r2','2015-12-22 17:06:34','2015-12-22 17:21:36',1,'2015-12-22 17:10:00',40,20,'true','false','false',11,0,4,'r3','r1',20,10,0),(66,'Segu','  0803','h',22,'r4','','r1','r1','r1','r2','r2','r1','r1','r2','r2','r2','r1','r4','r2','2015-12-22 17:07:20','2015-12-22 17:20:26',1,'2015-12-22 17:10:37',30,0,'true','false','false',11,0,1,'r1','r2',0,10,0),(67,'Clara','08022','h',19,'r6','','r1','r1','r2','r3','r3','r3','r2','r1','r2','r2','r3','r3','r2','2015-12-22 17:07:41','2015-12-22 17:19:31',1,'2015-12-22 17:10:05',60,30,'true','false','false',11,0,6,'r1','r3',30,10,0),(68,'Prova1Prov','08010','h',23,'r4','','','','','','','','','','','','','',NULL,'2015-12-23 14:34:21',NULL,0,'2015-12-23 14:36:37',40,26,'true','false','false',12,0,5,NULL,NULL,0,9,1),(69,'Prova2','08010','h',99,'r1','','','','','','','','','','','','','',NULL,'2015-12-23 14:35:11',NULL,0,'2015-12-23 14:36:47',20,14,'true','true','false',12,0,1,NULL,NULL,0,10,0),(70,'Mario33','11111','h',23,'r5','','','','','','','','','','','','','',NULL,'2015-12-23 14:35:28',NULL,0,'2015-12-23 14:36:38',60,34,'true','false','false',12,0,2,NULL,NULL,0,10,0),(71,'Mario34','11111','h',26,'r4','','','','','','','','','','','','','',NULL,'2015-12-23 14:35:40',NULL,0,'2015-12-23 14:36:39',30,20,'true','false','false',12,0,4,NULL,NULL,0,10,0),(72,'Mario35','11111','h',35,'r4','','','','','','','','','','','','','',NULL,'2015-12-23 14:35:56',NULL,0,'2015-12-23 14:36:44',50,28,'true','false','false',12,0,3,NULL,NULL,0,10,0),(73,'Mario36','11111','h',45,'r4','','','','','','','','','','','','','',NULL,'2015-12-23 14:36:09',NULL,0,'2015-12-23 14:36:41',40,20,'true','false','false',12,0,6,NULL,NULL,0,10,0),(74,'Silvestre','08010','h',52,'r6','','r2','r1','r2','r3','r2','r1','r2','r1','r2','r1','r3','r4','r2','2015-12-23 16:08:01','2015-12-23 16:32:50',1,'2015-12-23 16:09:18',50,28,'true','false','false',13,0,2,'r1','r2',28,9,0),(75,'Anna15','08010','d',15,'r2','','r3','r3','r2','r3','r3','r1','r1','r1','r1','r2','r3','r3','r4','2015-12-23 16:09:20','2015-12-23 16:31:36',1,'2015-12-23 16:13:10',20,6,'true','false','false',13,0,3,'r1','r3',6,10,0),(76,'Martifutsal9','08010','h',13,'r3','','r2','r2','r1','r1','r1','r1','r1','r1','r1','r3','r3','r4','r4','2015-12-23 16:13:04','2015-12-23 16:30:38',1,'2015-12-23 16:16:23',30,28,'true','false','false',13,0,4,'r3','r2',28,10,0),(77,'AlbertZero','08027','h',24,'r6','','r1','r2','r1','r3','r3','r1','r1','r2','r1','r2','r3','r3','r2','2015-12-23 16:13:05','2015-12-23 16:29:48',1,'2015-12-23 16:17:55',40,8,'true','true','true',13,0,6,'r4','r3',8,10,0),(78,'Txeta','08025','d',37,'r6','','r1','r1','r2','r2','r1','r1','r1','r1','r3','r2','r1','r3','r2','2015-12-23 16:13:12','2015-12-23 16:29:44',1,'2015-12-23 16:18:38',40,10,'true','false','false',13,0,5,'r3','r2',10,10,0),(79,'Pelli','08018','h',38,'r5','','','','','','','','','','','','','',NULL,'2015-12-23 16:13:18',NULL,0,'2015-12-23 16:16:14',60,29,'true','false','false',13,0,1,NULL,NULL,0,2,1),(80,'Ignasi','08912','h',34,'r6','','','','','','','','','','','','','',NULL,'2015-12-23 16:37:36',NULL,0,NULL,0,0,'true','false','true',NULL,0,NULL,NULL,NULL,0,0,0),(81,'Ignasi','08912','h',34,'r6','','r1','r3','r1','r2','r1','r1','r1','r1','r1','r2','r3','r2','r2','2015-12-23 16:37:36','2015-12-23 16:54:04',1,'2015-12-23 16:39:11',40,18,'true','false','true',14,0,5,'r1','r3',18,10,0),(82,'Mariatt','08018','d',43,'r6','','r1','r4','r2','r3','r3','r1','r1','r1','r2','r2','r3','r2','r2','2015-12-23 16:39:28','2015-12-23 16:52:26',1,'2015-12-23 16:39:48',30,14,'true','false','false',14,0,1,'r2','r3',14,10,0),(83,'ArnauBV','08005','h',13,'r3','','r1','r2','r2','r3','r3','r1','r1','r3','r1','r3','r1','r3','r1','2015-12-23 16:39:34','2015-12-23 16:54:09',1,'2015-12-23 16:41:51',40,24,'true','false','false',14,0,3,'r2','r2',24,10,1),(84,'Cele','08003','d',30,'r3','','r1','r1','r4','r2','r1','r2','r2','r1','r1','r4','r3','r3','r2','2015-12-23 16:40:43','2015-12-23 16:56:47',1,'2015-12-23 16:44:43',20,4,'true','false','false',14,0,2,'r2','r4',4,10,0),(85,'Pell*ll','08018','h',38,'r5','','r1','r4','r3','r1','r4','r3','r3','r3','r3','r2','r1','r3','r2','2015-12-23 16:42:05','2015-12-23 16:54:34',1,'2015-12-23 16:43:18',50,28,'true','false','false',14,0,6,'r2','r3',28,10,0),(86,'Juli','1426','d',23,'r4','','r1','r4','r2','r3','r2','r1','r1','r1','r1','r2','r3','r3','r2','2015-12-23 16:42:18','2015-12-23 16:53:23',1,'2015-12-23 16:42:37',60,34,'true','false','false',14,0,4,'r1','r3',34,10,0),(87,'Yoconozco@yahoo.es','08012','h',43,'r6','','r1','r1','r1','r3','r3','r3','r2','r2','r2','r2','r3','r3','r2','2015-12-23 17:07:09','2015-12-23 17:23:40',1,'2015-12-23 17:11:03',50,10,'true','false','false',15,0,5,'r1','r4',10,10,0),(88,'Mayesta','08003','d',41,'r6','','r1','r1','r2','r2','r3','r3','r2','r1','r1','r2','r3','r2','r2','2015-12-23 17:09:02','2015-12-23 17:22:28',1,'2015-12-23 17:11:26',30,6,'true','false','false',15,0,2,'r1','r4',6,10,0),(89,'Yo','2001','d',36,'r6','','r1','r2','r2','r2','r4','r1','r3','r1','r3','r2','r3','r3','r2','2015-12-23 17:09:23','2015-12-23 17:26:16',1,'2015-12-23 17:14:18',20,12,'true','true','true',15,0,3,'r1','r3',12,9,0),(90,'Jose','08001','h',31,'r6','','r1','r1','r2','r3','r3','r3','r1','r1','r2','r2','r3','r3','r2','2015-12-23 17:10:38','2015-12-23 17:23:19',1,'2015-12-23 17:12:57',40,2,'true','false','false',15,0,1,'r1','r4',2,10,0),(91,'PICADILLO','08010','d',41,'r6','','r1','r1','r2','r2','r3','r3','r1','r1','r3','r2','r3','r3','r2','2015-12-23 17:10:46','2015-12-23 17:22:18',1,'2015-12-23 17:12:29',60,38,'true','false','false',15,0,6,'r3','r4',38,10,1),(92,'Jess','13055','d',32,'r6','','r1','r3','r2','r2','r2','r3','r2','r1','r2','r2','r3','r3','r2','2015-12-23 17:11:29','2015-12-23 17:23:10',1,'2015-12-23 17:13:11',40,8,'true','false','false',15,0,4,'r1','r3',8,10,0),(93,'Eva','08003','d',39,'r6','','','','','','','','','','','','','',NULL,'2015-12-23 17:27:38',NULL,0,'2015-12-23 17:28:05',0,0,'true','false','false',16,0,NULL,NULL,NULL,0,0,0),(94,'carlota','08004','d',37,'r6','','','','','','','','','','','','','',NULL,'2015-12-23 17:28:59',NULL,0,'2015-12-23 17:32:28',0,0,'true','false','false',16,0,NULL,NULL,NULL,0,0,0),(95,'Tronquet','08030','h',32,'r5','','','','','','','','','','','','','',NULL,'2015-12-23 17:32:55',NULL,0,'2015-12-23 17:33:04',0,0,'true','false','true',16,0,NULL,NULL,NULL,0,0,0),(96,'Dunc','08003','h',22,'r4','','','','','','','','','','','','','',NULL,'2015-12-23 17:34:35',NULL,0,'2015-12-23 17:37:37',0,0,'true','false','false',16,0,NULL,NULL,NULL,0,0,0),(97,'Frankie','08008','d',27,'r4','','','','','','','','','','','','','',NULL,'2015-12-23 17:35:08',NULL,0,'2015-12-23 17:37:18',0,0,'true','false','false',16,0,NULL,NULL,NULL,0,0,0),(98,'Davidmorera','08003','h',42,'r4','','','','','','','','','','','','','',NULL,'2015-12-23 17:37:54',NULL,0,NULL,0,0,'true','false','true',NULL,0,NULL,NULL,NULL,0,0,0),(99,'Fake','08019','h',34,'r1','','','','','','','','','','','','','',NULL,'2015-12-23 17:45:52',NULL,0,NULL,0,0,'true','false','false',NULL,0,NULL,NULL,NULL,0,0,0),(100,'Fake','08019','h',34,'r1','','','','','','','','','','','','','',NULL,'2015-12-23 17:45:52',NULL,0,NULL,0,0,'true','false','false',NULL,0,NULL,NULL,NULL,0,0,0),(101,'Fake','08019','h',34,'r1','','','','','','','','','','','','','',NULL,'2015-12-23 17:45:52',NULL,0,NULL,0,0,'true','false','false',NULL,0,NULL,NULL,NULL,0,0,0),(102,'Axel','08021','h',28,'r6','','r1','r2','r2','r2','r2','r1','r1','r1','r3','r2','r3','r3','r1','2015-12-23 17:50:11','2015-12-23 18:50:42',1,'2015-12-23 18:35:32',50,36,'true','false','false',18,0,2,'r1','r3',36,10,0),(103,'Pep','08010','h',23,'r1','','','','','','','','','','','','','',NULL,'2015-12-23 17:50:39',NULL,0,NULL,0,0,'true','false','false',NULL,0,NULL,NULL,NULL,0,0,0),(104,'Rata laboratori','08030','h',32,'r5','','r1','r1','r2','r4','r4','r3','r3','r3','r3','r2','r3','r3','r2','2015-12-23 18:01:29','2015-12-23 18:19:50',1,'2015-12-23 18:01:36',50,26,'true','false','true',17,0,3,'r2','r3',26,10,0),(105,'Wagingey','17251','d',37,'r6','','r1','r3','r2','r1','r1','r1','r1','r1','r2','r2','r3','r3','r2','2015-12-23 18:02:04','2015-12-23 18:18:13',1,'2015-12-23 18:06:17',30,20,'true','false','false',17,0,4,'r3','r3',20,10,0),(106,'rraaps','08030','d',53,'r6','','r1','r1','r1','r3','r3','r3','r2','r2','r2','r2','r3','r3','r2','2015-12-23 18:02:18','2015-12-23 18:17:45',1,'2015-12-23 18:04:01',60,28,'true','false','false',17,0,5,'r1','r3',28,10,1),(107,'aiwa','08003','d',39,'r6','','r1','r2','r4','r3','r3','r2','r1','r2','r2','r2','r1','r3','r2','2015-12-23 18:03:35','2015-12-23 18:17:14',1,'2015-12-23 18:06:30',40,16,'true','false','false',17,0,1,'r1','r2',16,10,0),(108,'Ninyo','17200','h',45,'r5','','r1','r2','r1','r2','r2','r1','r1','r1','r1','r2','r3','r3','r2','2015-12-23 18:06:28','2015-12-23 18:20:39',1,'2015-12-23 18:06:54',20,4,'true','false','true',17,0,2,'r3','r4',4,10,0),(109,'Santiago','08030','h',53,'r6','','r1','r1','r3','r3','r3','r2','r1','r1','r3','r2','r1','r3','r2','2015-12-23 18:07:14','2015-12-23 18:17:58',1,'2015-12-23 18:08:18',40,24,'true','false','false',17,0,6,'r1','r4',24,10,0),(110,'Pauerr','08017','h',26,'r6','','r2','r2','r4','r3','r3','r3','r1','r2','r1','r2','r3','r3','r2','2015-12-23 18:31:35','2015-12-23 18:51:05',1,'2015-12-23 18:35:59',40,14,'true','false','false',18,0,3,'r3','r4',14,10,0),(111,'Ainara','08016','d',37,'r6','','r1','r2','r1','r2','r2','r1','r2','r1','r1','r2','r3','r3','r2','2015-12-23 18:35:59','2015-12-23 18:49:50',1,'2015-12-23 18:38:53',30,4,'true','false','false',18,0,5,'r1','r3',4,10,1),(112,'Iolanda','25005','d',24,'r6','','r1','r3','r2','r1','r1','r1','r1','r1','r3','r2','r3','r3','r2','2015-12-23 18:37:06','2015-12-23 18:50:11',1,'2015-12-23 18:37:31',60,38,'true','false','true',18,0,6,'r1','r4',38,10,0),(113,'Lucie','08003','h',48,'r6','','r1','r2','r1','r3','r3','r2','r2','r1','r1','r2','r3','r3','r2','2015-12-23 18:37:32','2015-12-23 18:49:16',1,'2015-12-23 18:41:09',20,8,'true','false','false',18,0,1,'r1','r4',8,10,0),(114,'Blanqui','08001','d',24,'r6','','','','','','','','','','','','','',NULL,'2015-12-23 18:38:43',NULL,0,NULL,0,0,'true','false','false',NULL,0,NULL,NULL,NULL,0,0,0),(115,'Blanqui','08001','d',24,'r6','','r1','r1','r2','r3','r1','r1','r3','r3','r2','r2','r3','r3','r2','2015-12-23 18:38:43','2015-12-23 18:51:29',1,'2015-12-23 18:39:45',40,16,'true','false','false',18,0,4,'r2','r4',16,10,0),(116,'oskarko3000','08004','h',45,'r4','','','','','','','','','','','','','',NULL,'2015-12-23 18:52:27',NULL,0,NULL,0,0,'true','false','false',NULL,0,NULL,NULL,NULL,0,0,0),(117,'Chusco','31000','h',36,'r4','','r1','r3','r2','r2','r2','r2','r2','r1','r1','r2','r1','r3','r2','2015-12-23 19:03:55','2015-12-23 19:21:26',1,'2015-12-23 19:04:07',60,44,'true','false','false',19,0,1,'r3','r4',44,10,0),(118,'Teo','08850','h',25,'r6','','r1','r2','r2','r3','r3','r1','r1','r1','r3','r2','r3','r3','r2','2015-12-23 19:04:53','2015-12-23 19:21:15',1,'2015-12-23 19:07:06',30,4,'true','false','false',19,0,4,'r1','r1',4,10,0),(119,'Eva Ruiz','08015','d',37,'r6','','','','','','','','','','','','','',NULL,'2015-12-23 19:05:39',NULL,0,'2015-12-23 19:05:58',40,16,'true','false','false',19,0,5,NULL,NULL,16,10,1),(120,'Lobo','08003','h',44,'r5','','r1','r2','r2','r3','r3','r3','r1','r1','r2','r2','r3','r3','r2','2015-12-23 19:06:38','2015-12-23 19:26:00',1,'2015-12-23 19:10:10',20,0,'true','false','false',19,0,3,'r3','r3',0,10,0),(121,'Ale','08028','d',28,'r6','','r1','r3','r1','r3','r3','r1','r1','r1','r3','r2','r3','r3','r2','2015-12-23 19:07:06','2015-12-23 19:23:16',1,'2015-12-23 19:11:54',40,14,'true','false','true',19,0,6,'r2','r3',14,10,0),(122,'Ruth','08320','h',28,'r5','','r1','r2','r2','r2','r3','r3','r1','r1','r1','r2','r4','r3','r2','2015-12-23 19:11:18','2015-12-23 19:22:28',1,'2015-12-23 19:12:17',50,26,'true','true','false',19,0,2,'r2','r3',26,10,0),(123,'Pinp','08003','h',34,'r6','','','','','','','','','','','','','',NULL,'2015-12-23 19:27:27',NULL,0,NULL,0,0,'true','true','true',NULL,0,NULL,NULL,NULL,0,0,0);
/*!40000 ALTER TABLE `game_user` ENABLE KEYS */;
UNLOCK TABLES;

--
-- Table structure for table `game_useremail`
--

DROP TABLE IF EXISTS `game_useremail`;
/*!40101 SET @saved_cs_client     = @@character_set_client */;
/*!40101 SET character_set_client = utf8 */;
CREATE TABLE `game_useremail` (
  `id` int(11) NOT NULL AUTO_INCREMENT,
  `email` varchar(300) NOT NULL,
  `user_id` int(11) NOT NULL,
  PRIMARY KEY (`id`),
  KEY `game_useremail_user_id_73834bcc0344f1fb_fk_game_user_id` (`user_id`),
  CONSTRAINT `game_useremail_user_id_73834bcc0344f1fb_fk_game_user_id` FOREIGN KEY (`user_id`) REFERENCES `game_user` (`id`)
) ENGINE=InnoDB AUTO_INCREMENT=124 DEFAULT CHARSET=latin1;
/*!40101 SET character_set_client = @saved_cs_client */;

--
-- Dumping data for table `game_useremail`
--

LOCK TABLES `game_useremail` WRITE;
/*!40000 ALTER TABLE `game_useremail` DISABLE KEYS */;
INSERT INTO `game_useremail` VALUES (1,'test5@climate.com',1),(2,'tes2@com.com',2),(3,'test-1@es.es',3),(4,'test3@es.es',4),(5,'test4@com.com',5),(6,'test6@com.com',6),(7,'chabert.aurelia@gmail.com',7),(8,'mercedes.segura@cmontserrat.net',8),(9,'coia.carbassa@cmontserrat.net',9),(10,'mercedes.suarez2@gmail.com',10),(11,'sergi.cantos@cmontserrat.net',11),(12,'matorrella@movistar.es',12),(13,'dani_sv96@hotmail.com',13),(14,'oriolfaboller@gmail.com',14),(15,'ruizadrian.sgr@gmail.com',15),(16,'davidgomezcalderon10@gmail.com',16),(17,'cpm1807@gmail.com',17),(18,'eambusquets@gmail.com',18),(19,'salamalicuz@gmail.com',19),(20,'salamalicuz@gmail.com',20),(21,'josepmariat@gmail.com',21),(22,'luisdomingo.18@gmail.com',22),(23,'obs_98@hotmail.com',23),(24,'18949.santignasi@fje.edu',24),(25,'gargenten@gmail.com',25),(26,'vilarcarbu@gmail.com',26),(27,'eli_alwaysme@hotmail.es',27),(28,'jbuilb@gmail.com',28),(29,'adria.herranz@hotmail.com',29),(30,'tricokun@gmail.com',30),(31,'pesteband@gmail.com',31),(32,'laura-p-4@hotmail.com',32),(33,'heraspau@gmail.com',33),(34,'mekdesxirinachs97@gmail.com',34),(35,'cmartinezp@fundaciocollserola.cat',35),(36,'nmanubens@fundaciocollserola.cat',36),(37,'jarttex18@gmail.com',37),(38,'raboa9@yahoo.es',38),(39,'marta.mb29@gmail.com',39),(40,'rosertintore@gmail.com',40),(41,'anna.civit.ds@gmail.com',41),(42,'ifeltrer@gmail.com',42),(43,'marc.mb89@gmail.com',43),(44,'neusmmorell@gmail.com',44),(45,'jordiapaolazagil98@gmail.com',45),(46,'annabartrons@gmail.com',46),(47,'romeu983@gmail.com',47),(48,'alvaro.gonzalez.espinos@gmail.com',48),(49,'belen.d.a@hotmail.com',49),(50,'nataliaoliete@hotmail.com',50),(51,'jesuspellon@hotmail.com',51),(52,'gfarreras31@gmail.com',52),(53,'carlaferrus25@hotmail.com',53),(54,'paschlcm@gmail.com',54),(55,'iu_19_98@hotmail.com',55),(56,'antoniacm98@gmail.com',56),(57,'maria_cayuela_vila@hotmail.es',57),(58,'irinagilamate@gmail.com',58),(59,'palomagonzalvez@yahoo.es',59),(60,'monica1561@hotmail.com',60),(61,'pauramirezfotos@gmail.com',61),(62,'saskia.romellina@hotmail.es',62),(63,'millief30@gmail.com',63),(64,'marta-_@hotmail.com',64),(65,'ariadnaquingles@hotmail.com',65),(66,'jsegurallado@gmail.com',66),(67,'cboschteixido@gmail.com',67),(68,'mario32@g.com',68),(69,'mario31@g.com',69),(70,'mario33@g.com',70),(71,'mario34@g.com',71),(72,'mario35@g.com',72),(73,'mario36@g.com',73),(74,'s.o.creatiu@gmail.com',74),(75,'aoliverastous@gmail.com',75),(76,'martioliverast@gmail.com',76),(77,'elias.albert@gmail.com',77),(78,'mjoseblanco33@gmail.com',78),(79,'gerardp08@gmail.com',79),(80,'ignasicsust@gmail.com',80),(81,'ignasicsust@gmail.com',81),(82,'maria.tort@gmail.com',82),(83,'arnaubavi@gmail.com',83),(84,'celesteullua@gmail.com',84),(85,'1234@gmail.com',85),(86,'juliana.lbosch@gmail.com',86),(87,'yoconozco@yahoo.es',87),(88,'mayesta@gmail.com',88),(89,'vivitamaria@gmail.com',89),(90,'jlmortola@hotmail.com',90),(91,'nuriasentisgarriga@gmail.com',91),(92,'pichardo.jessica@googlemail.com',92),(93,'esomsbach@hotmail.com',93),(94,'carlota@cctus.net',94),(95,'danisoms@hotmail.com',95),(96,'duncan.kg.anderson@gmail.com',96),(97,'frankie.anderson@me.com',97),(98,'moreragarciadavid@gmail.com',98),(99,'t@4.com',99),(100,'t@4.com',100),(101,'t@4.com',101),(102,'axel@domesticstreamers.com',102),(103,'dedo@a.com',103),(104,'danisoms@gmail.com',104),(105,'rebecamesas@hotmail.com',105),(106,'rraaps@gmail.com',106),(107,'esomsbach@gmail.com',107),(108,'ninyopaco@gmail.com',108),(109,'notassps@gmail.com',109),(110,'pau@domesticstreamers.com',110),(111,'Kunstnara@gmail.com',111),(112,'iolandamonso@gmail.com',112),(113,'larnaudilu@yahoo.com',113),(114,'bepuntozaragoza@gmail.com',114),(115,'bepuntozaragoza@gmail.com',115),(116,'saints3000@hotmail.com',116),(117,'chirimba@hotmail.com',117),(118,'theovanroessel@gmail.com',118),(119,'evaruizmartinez@hotmail.com',119),(120,'gallegosgabriel@hotmail.com',120),(121,'alexan.mw@gmail.com',121),(122,'norma_madt@hotmail.com',122),(123,'emilitos2@hotmail.com',123);
/*!40000 ALTER TABLE `game_useremail` ENABLE KEYS */;
UNLOCK TABLES;

--
-- Table structure for table `game_userronda`
--

DROP TABLE IF EXISTS `game_userronda`;
/*!40101 SET @saved_cs_client     = @@character_set_client */;
/*!40101 SET character_set_client = utf8 */;
CREATE TABLE `game_userronda` (
  `id` int(11) NOT NULL AUTO_INCREMENT,
  `ha_seleccionat` tinyint(1) NOT NULL,
  `seleccio` int(11) DEFAULT NULL,
  `temps_seleccio` datetime DEFAULT NULL,
  `ronda_id` int(11) NOT NULL,
  `user_id` int(11) NOT NULL,
  PRIMARY KEY (`id`),
  KEY `game_userronda_ronda_id_30413956ba9591e1_fk_game_ronda_id` (`ronda_id`),
  KEY `game_userronda_user_id_2147e8116027c783_fk_game_user_id` (`user_id`),
  CONSTRAINT `game_userronda_ronda_id_30413956ba9591e1_fk_game_ronda_id` FOREIGN KEY (`ronda_id`) REFERENCES `game_ronda` (`id`),
  CONSTRAINT `game_userronda_user_id_2147e8116027c783_fk_game_user_id` FOREIGN KEY (`user_id`) REFERENCES `game_user` (`id`)
) ENGINE=InnoDB AUTO_INCREMENT=1081 DEFAULT CHARSET=latin1;
/*!40101 SET character_set_client = @saved_cs_client */;

--
-- Dumping data for table `game_userronda`
--

LOCK TABLES `game_userronda` WRITE;
/*!40000 ALTER TABLE `game_userronda` DISABLE KEYS */;
INSERT INTO `game_userronda` VALUES (1,1,0,'2015-12-22 10:26:03',1,1),(2,1,2,'2015-12-22 10:26:05',1,2),(3,1,2,'2015-12-22 10:26:03',1,3),(4,1,4,'2015-12-22 10:26:04',1,4),(5,1,2,'2015-12-22 10:26:03',1,5),(6,1,2,'2015-12-22 10:26:03',1,6),(7,1,4,'2015-12-22 10:26:24',2,1),(8,1,2,'2015-12-22 10:26:24',2,2),(9,1,2,'2015-12-22 10:26:23',2,3),(10,1,0,'2015-12-22 10:26:26',2,4),(11,1,4,'2015-12-22 10:26:25',2,5),(12,1,4,'2015-12-22 10:26:25',2,6),(13,1,0,'2015-12-22 10:26:44',3,1),(14,1,2,'2015-12-22 10:26:44',3,2),(15,1,2,'2015-12-22 10:26:46',3,3),(16,1,2,'2015-12-22 10:26:46',3,4),(17,1,4,'2015-12-22 10:26:45',3,5),(18,0,4,NULL,3,6),(19,1,4,'2015-12-22 10:27:30',4,1),(20,1,0,'2015-12-22 10:27:30',4,2),(21,1,0,'2015-12-22 10:27:29',4,3),(22,1,2,'2015-12-22 10:27:31',4,4),(23,1,2,'2015-12-22 10:27:29',4,5),(24,1,4,'2015-12-22 10:27:29',4,6),(25,1,2,'2015-12-22 10:27:49',5,1),(26,1,0,'2015-12-22 10:27:51',5,2),(27,1,2,'2015-12-22 10:27:51',5,3),(28,1,2,'2015-12-22 10:27:52',5,4),(29,1,2,'2015-12-22 10:27:51',5,5),(30,1,0,'2015-12-22 10:27:51',5,6),(31,1,4,'2015-12-22 10:28:12',6,1),(32,1,0,'2015-12-22 10:28:12',6,2),(33,1,0,'2015-12-22 10:28:11',6,3),(34,1,0,'2015-12-22 10:28:15',6,4),(35,1,4,'2015-12-22 10:28:14',6,5),(36,1,4,'2015-12-22 10:28:13',6,6),(37,1,2,'2015-12-22 10:28:33',7,1),(38,1,0,'2015-12-22 10:28:52',7,2),(39,1,0,'2015-12-22 10:28:36',7,3),(40,1,2,'2015-12-22 10:28:36',7,4),(41,1,4,'2015-12-22 10:28:34',7,5),(42,1,4,'2015-12-22 10:28:36',7,6),(43,1,2,'2015-12-22 10:29:11',8,1),(44,1,2,'2015-12-22 10:29:12',8,2),(45,1,0,'2015-12-22 10:29:13',8,3),(46,1,2,'2015-12-22 10:29:11',8,4),(47,1,4,'2015-12-22 10:29:13',8,5),(48,1,4,'2015-12-22 10:29:13',8,6),(49,1,2,'2015-12-22 10:29:36',9,1),(50,1,0,'2015-12-22 10:29:34',9,2),(51,1,0,'2015-12-22 10:29:33',9,3),(52,1,4,'2015-12-22 10:29:33',9,4),(53,1,2,'2015-12-22 10:29:37',9,5),(54,1,2,'2015-12-22 10:29:35',9,6),(55,1,2,'2015-12-22 10:29:55',10,1),(56,1,2,'2015-12-22 10:29:58',10,2),(57,1,0,'2015-12-22 10:29:58',10,3),(58,1,2,'2015-12-22 10:30:00',10,4),(59,1,4,'2015-12-22 10:29:57',10,5),(60,1,2,'2015-12-22 10:30:06',10,6),(61,1,2,'2015-12-22 12:48:04',11,7),(62,1,2,'2015-12-22 12:48:08',11,8),(63,1,2,'2015-12-22 12:48:07',11,9),(64,1,2,'2015-12-22 12:48:03',11,10),(65,1,4,'2015-12-22 12:48:01',11,11),(66,1,4,'2015-12-22 12:48:04',11,12),(67,1,4,'2015-12-22 12:48:29',12,7),(68,1,2,'2015-12-22 12:48:31',12,8),(69,1,4,'2015-12-22 12:48:26',12,9),(70,1,4,'2015-12-22 12:48:28',12,10),(71,1,4,'2015-12-22 12:48:26',12,11),(72,1,2,'2015-12-22 12:48:30',12,12),(73,1,0,'2015-12-22 12:48:51',13,7),(74,1,4,'2015-12-22 12:48:52',13,8),(75,1,2,'2015-12-22 12:48:50',13,9),(76,1,2,'2015-12-22 12:48:53',13,10),(77,1,4,'2015-12-22 12:48:49',13,11),(78,1,4,'2015-12-22 12:48:55',13,12),(79,1,2,'2015-12-22 12:49:15',14,7),(80,1,2,'2015-12-22 12:49:14',14,8),(81,1,4,'2015-12-22 12:49:14',14,9),(82,1,4,'2015-12-22 12:49:15',14,10),(83,1,4,'2015-12-22 12:49:13',14,11),(84,1,2,'2015-12-22 12:49:17',14,12),(85,1,2,'2015-12-22 12:49:36',15,7),(86,1,2,'2015-12-22 12:49:37',15,8),(87,1,2,'2015-12-22 12:49:35',15,9),(88,1,2,'2015-12-22 12:49:35',15,10),(89,1,4,'2015-12-22 12:49:35',15,11),(90,1,4,'2015-12-22 12:49:37',15,12),(91,1,4,'2015-12-22 12:49:55',16,7),(92,1,2,'2015-12-22 12:49:56',16,8),(93,1,2,'2015-12-22 12:49:56',16,9),(94,1,2,'2015-12-22 12:49:56',16,10),(95,1,4,'2015-12-22 12:49:56',16,11),(96,1,2,'2015-12-22 12:49:59',16,12),(97,1,0,'2015-12-22 12:50:17',17,7),(98,1,2,'2015-12-22 12:50:19',17,8),(99,1,2,'2015-12-22 12:50:17',17,9),(100,1,0,'2015-12-22 12:50:18',17,10),(101,1,4,'2015-12-22 12:50:17',17,11),(102,1,4,'2015-12-22 12:50:18',17,12),(103,1,0,'2015-12-22 12:50:37',18,7),(104,1,0,'2015-12-22 12:50:37',18,8),(105,1,0,'2015-12-22 12:50:38',18,9),(106,1,2,'2015-12-22 12:50:38',18,10),(107,1,2,'2015-12-22 12:50:38',18,11),(108,1,4,'2015-12-22 12:50:39',18,12),(109,1,0,'2015-12-22 12:50:57',19,7),(110,1,0,'2015-12-22 12:50:57',19,8),(111,1,0,'2015-12-22 12:51:02',19,9),(112,1,0,'2015-12-22 12:50:56',19,10),(113,1,0,'2015-12-22 12:50:57',19,11),(114,1,0,'2015-12-22 12:50:59',19,12),(115,1,0,'2015-12-22 12:51:20',20,7),(116,1,0,'2015-12-22 12:51:21',20,8),(117,1,0,'2015-12-22 12:51:20',20,9),(118,1,0,'2015-12-22 12:51:20',20,10),(119,1,4,'2015-12-22 12:51:19',20,11),(120,1,0,'2015-12-22 12:51:22',20,12),(121,1,2,'2015-12-22 13:34:35',21,13),(122,1,0,'2015-12-22 13:34:26',21,14),(123,1,2,'2015-12-22 13:34:34',21,15),(124,1,2,'2015-12-22 13:34:28',21,16),(125,1,2,'2015-12-22 13:34:28',21,17),(126,1,4,'2015-12-22 13:34:38',21,18),(127,1,4,'2015-12-22 13:35:03',22,13),(128,1,2,'2015-12-22 13:35:01',22,14),(129,1,2,'2015-12-22 13:35:12',22,15),(130,1,4,'2015-12-22 13:34:57',22,16),(131,1,0,'2015-12-22 13:35:15',22,17),(132,1,4,'2015-12-22 13:35:08',22,18),(133,1,2,'2015-12-22 13:35:35',23,13),(134,1,2,'2015-12-22 13:35:35',23,14),(135,1,0,'2015-12-22 13:35:39',23,15),(136,1,4,'2015-12-22 13:35:33',23,16),(137,1,4,'2015-12-22 13:35:35',23,17),(138,1,0,'2015-12-22 13:35:36',23,18),(139,1,4,'2015-12-22 13:35:59',24,13),(140,1,2,'2015-12-22 13:35:58',24,14),(141,1,2,'2015-12-22 13:36:06',24,15),(142,1,4,'2015-12-22 13:36:02',24,16),(143,1,4,'2015-12-22 13:36:08',24,17),(144,1,2,'2015-12-22 13:36:16',24,18),(145,1,4,'2015-12-22 13:36:40',25,13),(146,1,0,'2015-12-22 13:36:36',25,14),(147,1,4,'2015-12-22 13:36:39',25,15),(148,1,2,'2015-12-22 13:36:38',25,16),(149,1,4,'2015-12-22 13:36:38',25,17),(150,1,0,'2015-12-22 13:36:39',25,18),(151,1,4,'2015-12-22 13:37:01',26,13),(152,1,0,'2015-12-22 13:36:59',26,14),(153,1,0,'2015-12-22 13:37:00',26,15),(154,1,0,'2015-12-22 13:37:06',26,16),(155,1,0,'2015-12-22 13:36:58',26,17),(156,1,2,'2015-12-22 13:37:09',26,18),(157,1,2,'2015-12-22 13:37:30',27,13),(158,1,4,'2015-12-22 13:37:34',27,14),(159,1,0,'2015-12-22 13:37:33',27,15),(160,1,4,'2015-12-22 13:37:33',27,16),(161,1,0,'2015-12-22 13:37:36',27,17),(162,1,2,'2015-12-22 13:37:38',27,18),(163,1,2,'2015-12-22 13:37:56',28,13),(164,1,0,'2015-12-22 13:37:58',28,14),(165,1,2,'2015-12-22 13:37:57',28,15),(166,1,2,'2015-12-22 13:38:02',28,16),(167,1,2,'2015-12-22 13:38:01',28,17),(168,1,2,'2015-12-22 13:38:02',28,18),(169,1,2,'2015-12-22 13:38:21',29,13),(170,1,0,'2015-12-22 13:38:31',29,14),(171,1,2,'2015-12-22 13:38:33',29,15),(172,1,4,'2015-12-22 13:38:20',29,16),(173,1,4,'2015-12-22 13:38:23',29,17),(174,1,0,'2015-12-22 13:38:30',29,18),(175,1,2,'2015-12-22 13:38:51',30,13),(176,1,2,'2015-12-22 13:38:51',30,14),(177,1,0,'2015-12-22 13:38:55',30,15),(178,1,0,'2015-12-22 13:38:51',30,16),(179,1,0,'2015-12-22 13:38:59',30,17),(180,1,2,'2015-12-22 13:39:04',30,18),(181,1,2,'2015-12-22 14:00:37',31,20),(182,1,2,'2015-12-22 14:00:34',31,21),(183,1,0,'2015-12-22 14:00:38',31,22),(184,1,4,'2015-12-22 14:00:32',31,23),(185,1,2,'2015-12-22 14:00:34',31,24),(186,1,2,'2015-12-22 14:00:41',31,25),(187,1,0,'2015-12-22 14:01:00',32,20),(188,1,0,'2015-12-22 14:01:09',32,21),(189,1,2,'2015-12-22 14:01:08',32,22),(190,1,4,'2015-12-22 14:00:59',32,23),(191,1,0,'2015-12-22 14:00:59',32,24),(192,1,4,'2015-12-22 14:01:03',32,25),(193,1,4,'2015-12-22 14:01:27',33,20),(194,1,0,'2015-12-22 14:01:28',33,21),(195,1,0,'2015-12-22 14:01:35',33,22),(196,1,4,'2015-12-22 14:01:27',33,23),(197,1,2,'2015-12-22 14:01:28',33,24),(198,1,0,'2015-12-22 14:01:29',33,25),(199,1,4,'2015-12-22 14:01:53',34,20),(200,1,2,'2015-12-22 14:01:58',34,21),(201,1,4,'2015-12-22 14:01:56',34,22),(202,1,4,'2015-12-22 14:02:00',34,23),(203,1,4,'2015-12-22 14:01:58',34,24),(204,1,4,'2015-12-22 14:01:55',34,25),(205,1,0,'2015-12-22 14:02:18',35,20),(206,1,0,'2015-12-22 14:02:22',35,21),(207,1,0,'2015-12-22 14:02:18',35,22),(208,1,4,'2015-12-22 14:02:20',35,23),(209,1,2,'2015-12-22 14:02:19',35,24),(210,1,2,'2015-12-22 14:02:21',35,25),(211,1,0,'2015-12-22 14:02:40',36,20),(212,1,0,'2015-12-22 14:02:40',36,21),(213,1,2,'2015-12-22 14:02:41',36,22),(214,1,0,'2015-12-22 14:02:41',36,23),(215,1,2,'2015-12-22 14:02:42',36,24),(216,1,4,'2015-12-22 14:02:41',36,25),(217,1,2,'2015-12-22 14:02:59',37,20),(218,1,4,'2015-12-22 14:03:00',37,21),(219,1,0,'2015-12-22 14:03:01',37,22),(220,1,0,'2015-12-22 14:03:01',37,23),(221,1,4,'2015-12-22 14:03:00',37,24),(222,1,4,'2015-12-22 14:03:06',37,25),(223,1,4,'2015-12-22 14:03:24',38,20),(224,1,2,'2015-12-22 14:03:31',38,21),(225,1,0,'2015-12-22 14:03:28',38,22),(226,1,0,'2015-12-22 14:03:24',38,23),(227,1,4,'2015-12-22 14:03:24',38,24),(228,1,0,'2015-12-22 14:03:25',38,25),(229,1,4,'2015-12-22 14:03:49',39,20),(230,1,0,'2015-12-22 14:03:50',39,21),(231,1,4,'2015-12-22 14:03:48',39,22),(232,1,0,'2015-12-22 14:03:50',39,23),(233,1,4,'2015-12-22 14:03:50',39,24),(234,1,4,'2015-12-22 14:03:52',39,25),(235,1,2,'2015-12-22 14:04:09',40,20),(236,1,2,'2015-12-22 14:04:09',40,21),(237,1,0,'2015-12-22 14:04:10',40,22),(238,1,0,'2015-12-22 14:04:10',40,23),(239,1,4,'2015-12-22 14:04:11',40,24),(240,1,4,'2015-12-22 14:04:11',40,25),(241,1,4,'2015-12-22 14:19:38',41,26),(242,1,2,'2015-12-22 14:19:41',41,27),(243,1,2,'2015-12-22 14:19:34',41,28),(244,1,2,'2015-12-22 14:19:32',41,29),(245,1,0,'2015-12-22 14:19:32',41,30),(246,1,2,'2015-12-22 14:19:35',41,31),(247,1,2,'2015-12-22 14:20:07',42,26),(248,1,4,'2015-12-22 14:20:03',42,27),(249,1,2,'2015-12-22 14:20:01',42,28),(250,1,4,'2015-12-22 14:20:02',42,29),(251,1,2,'2015-12-22 14:20:03',42,30),(252,1,0,'2015-12-22 14:20:04',42,31),(253,1,4,'2015-12-22 14:20:28',43,26),(254,1,0,'2015-12-22 14:20:25',43,27),(255,1,4,'2015-12-22 14:20:27',43,28),(256,1,2,'2015-12-22 14:20:27',43,29),(257,1,0,'2015-12-22 14:20:28',43,30),(258,1,0,'2015-12-22 14:20:28',43,31),(259,1,2,'2015-12-22 14:20:51',44,26),(260,1,2,'2015-12-22 14:20:47',44,27),(261,1,2,'2015-12-22 14:20:48',44,28),(262,1,0,'2015-12-22 14:20:48',44,29),(263,1,0,'2015-12-22 14:20:49',44,30),(264,1,0,'2015-12-22 14:20:47',44,31),(265,1,4,'2015-12-22 14:21:13',45,26),(266,1,0,'2015-12-22 14:21:10',45,27),(267,1,4,'2015-12-22 14:21:12',45,28),(268,1,2,'2015-12-22 14:21:12',45,29),(269,1,2,'2015-12-22 14:21:11',45,30),(270,1,4,'2015-12-22 14:21:10',45,31),(271,1,4,'2015-12-22 14:21:33',46,26),(272,1,4,'2015-12-22 14:21:32',46,27),(273,1,4,'2015-12-22 14:21:32',46,28),(274,1,4,'2015-12-22 14:21:33',46,29),(275,1,0,'2015-12-22 14:21:32',46,30),(276,1,4,'2015-12-22 14:21:31',46,31),(277,1,2,'2015-12-22 14:21:55',47,26),(278,1,4,'2015-12-22 14:21:52',47,27),(279,1,4,'2015-12-22 14:21:51',47,28),(280,1,4,'2015-12-22 14:21:51',47,29),(281,1,2,'2015-12-22 14:21:54',47,30),(282,1,4,'2015-12-22 14:21:52',47,31),(283,1,0,'2015-12-22 14:22:16',48,26),(284,1,4,'2015-12-22 14:22:14',48,27),(285,1,4,'2015-12-22 14:22:14',48,28),(286,1,4,'2015-12-22 14:22:13',48,29),(287,1,0,'2015-12-22 14:22:13',48,30),(288,1,2,'2015-12-22 14:22:12',48,31),(289,1,2,'2015-12-22 14:22:40',49,26),(290,1,4,'2015-12-22 14:22:34',49,27),(291,1,0,'2015-12-22 14:22:35',49,28),(292,1,2,'2015-12-22 14:22:35',49,29),(293,1,0,'2015-12-22 14:22:35',49,30),(294,1,0,'2015-12-22 14:22:50',49,31),(295,1,0,'2015-12-22 14:23:09',50,26),(296,1,2,'2015-12-22 14:23:09',50,27),(297,1,0,'2015-12-22 14:23:09',50,28),(298,1,0,'2015-12-22 14:23:18',50,29),(299,1,0,'2015-12-22 14:23:11',50,30),(300,1,0,'2015-12-22 14:23:08',50,31),(301,1,2,'2015-12-22 14:39:13',51,32),(302,1,4,'2015-12-22 14:39:08',51,33),(303,1,0,'2015-12-22 14:39:12',51,34),(304,1,2,'2015-12-22 14:39:12',51,35),(305,1,2,'2015-12-22 14:39:14',51,36),(306,1,0,'2015-12-22 14:39:08',51,37),(307,1,2,'2015-12-22 14:39:36',52,32),(308,1,4,'2015-12-22 14:39:37',52,33),(309,1,0,'2015-12-22 14:39:35',52,34),(310,1,2,'2015-12-22 14:39:35',52,35),(311,1,0,'2015-12-22 14:39:33',52,36),(312,1,0,'2015-12-22 14:39:32',52,37),(313,1,2,'2015-12-22 14:39:59',53,32),(314,1,4,'2015-12-22 14:39:56',53,33),(315,1,0,'2015-12-22 14:39:58',53,34),(316,1,4,'2015-12-22 14:39:55',53,35),(317,1,4,'2015-12-22 14:39:56',53,36),(318,1,2,'2015-12-22 14:39:55',53,37),(319,1,4,'2015-12-22 14:40:21',54,32),(320,1,4,'2015-12-22 14:40:19',54,33),(321,1,0,'2015-12-22 14:40:20',54,34),(322,1,2,'2015-12-22 14:40:20',54,35),(323,1,0,'2015-12-22 14:40:18',54,36),(324,1,2,'2015-12-22 14:40:19',54,37),(325,1,2,'2015-12-22 14:40:40',55,32),(326,1,4,'2015-12-22 14:40:40',55,33),(327,1,0,'2015-12-22 14:40:42',55,34),(328,1,4,'2015-12-22 14:40:40',55,35),(329,1,0,'2015-12-22 14:40:40',55,36),(330,1,0,'2015-12-22 14:40:41',55,37),(331,1,2,'2015-12-22 14:41:04',56,32),(332,1,4,'2015-12-22 14:41:01',56,33),(333,1,0,'2015-12-22 14:41:00',56,34),(334,1,2,'2015-12-22 14:41:00',56,35),(335,1,0,'2015-12-22 14:41:00',56,36),(336,1,2,'2015-12-22 14:41:05',56,37),(337,1,2,'2015-12-22 14:41:26',57,32),(338,1,4,'2015-12-22 14:41:23',57,33),(339,1,0,'2015-12-22 14:41:23',57,34),(340,1,4,'2015-12-22 14:41:23',57,35),(341,1,4,'2015-12-22 14:41:27',57,36),(342,1,4,'2015-12-22 14:41:23',57,37),(343,1,2,'2015-12-22 14:41:51',58,32),(344,1,4,'2015-12-22 14:41:50',58,33),(345,1,0,'2015-12-22 14:41:58',58,34),(346,1,2,'2015-12-22 14:41:46',58,35),(347,1,0,'2015-12-22 14:41:47',58,36),(348,1,0,'2015-12-22 14:41:47',58,37),(349,1,2,'2015-12-22 14:42:19',59,32),(350,1,4,'2015-12-22 14:42:16',59,33),(351,1,0,'2015-12-22 14:42:15',59,34),(352,1,4,'2015-12-22 14:42:17',59,35),(353,1,2,'2015-12-22 14:42:18',59,36),(354,1,2,'2015-12-22 14:42:21',59,37),(355,1,4,'2015-12-22 14:42:42',60,32),(356,1,4,'2015-12-22 14:42:39',60,33),(357,1,2,'2015-12-22 14:42:41',60,34),(358,1,4,'2015-12-22 14:42:39',60,35),(359,1,0,'2015-12-22 14:42:38',60,36),(360,1,4,'2015-12-22 14:42:39',60,37),(361,1,2,'2015-12-22 15:01:42',61,38),(362,1,2,'2015-12-22 15:01:46',61,39),(363,1,2,'2015-12-22 15:01:46',61,40),(364,1,2,'2015-12-22 15:01:45',61,41),(365,1,0,'2015-12-22 15:01:43',61,42),(366,1,4,'2015-12-22 15:01:44',61,43),(367,1,4,'2015-12-22 15:02:10',62,38),(368,1,2,'2015-12-22 15:02:14',62,39),(369,1,0,'2015-12-22 15:02:06',62,40),(370,1,4,'2015-12-22 15:02:13',62,41),(371,1,4,'2015-12-22 15:02:08',62,42),(372,1,2,'2015-12-22 15:02:08',62,43),(373,1,4,'2015-12-22 15:02:37',63,38),(374,1,0,'2015-12-22 15:02:39',63,39),(375,1,4,'2015-12-22 15:02:33',63,40),(376,1,0,'2015-12-22 15:02:53',63,41),(377,1,4,'2015-12-22 15:02:33',63,42),(378,1,2,'2015-12-22 15:02:34',63,43),(379,1,4,'2015-12-22 15:03:15',64,38),(380,1,4,'2015-12-22 15:03:13',64,39),(381,1,4,'2015-12-22 15:03:11',64,40),(382,1,4,'2015-12-22 15:03:33',64,41),(383,1,4,'2015-12-22 15:03:18',64,42),(384,1,4,'2015-12-22 15:03:13',64,43),(385,1,2,'2015-12-22 15:03:52',65,38),(386,1,4,'2015-12-22 15:03:52',65,39),(387,1,4,'2015-12-22 15:03:52',65,40),(388,1,2,'2015-12-22 15:04:03',65,41),(389,1,2,'2015-12-22 15:03:54',65,42),(390,1,2,'2015-12-22 15:03:54',65,43),(391,1,4,'2015-12-22 15:04:23',66,38),(392,1,2,'2015-12-22 15:04:23',66,39),(393,1,2,'2015-12-22 15:04:21',66,40),(394,1,4,'2015-12-22 15:04:30',66,41),(395,1,2,'2015-12-22 15:04:33',66,42),(396,1,4,'2015-12-22 15:04:23',66,43),(397,1,2,'2015-12-22 15:04:51',67,38),(398,1,0,'2015-12-22 15:04:54',67,39),(399,1,4,'2015-12-22 15:04:52',67,40),(400,1,4,'2015-12-22 15:04:52',67,41),(401,1,2,'2015-12-22 15:04:53',67,42),(402,1,0,'2015-12-22 15:04:52',67,43),(403,1,4,'2015-12-22 15:05:11',68,38),(404,1,2,'2015-12-22 15:05:16',68,39),(405,1,0,'2015-12-22 15:05:12',68,40),(406,1,0,'2015-12-22 15:05:20',68,41),(407,1,0,'2015-12-22 15:05:20',68,42),(408,1,0,'2015-12-22 15:05:15',68,43),(409,1,0,'2015-12-22 15:05:38',69,38),(410,1,2,'2015-12-22 15:05:40',69,39),(411,1,2,'2015-12-22 15:05:39',69,40),(412,1,4,'2015-12-22 15:05:50',69,41),(413,1,2,'2015-12-22 15:05:39',69,42),(414,1,2,'2015-12-22 15:05:42',69,43),(415,1,4,'2015-12-22 15:06:09',70,38),(416,1,0,'2015-12-22 15:06:11',70,39),(417,1,0,'2015-12-22 15:06:11',70,40),(418,1,0,'2015-12-22 15:06:11',70,41),(419,1,0,'2015-12-22 15:06:09',70,42),(420,1,0,'2015-12-22 15:06:08',70,43),(421,1,2,'2015-12-22 15:42:32',71,44),(422,1,0,'2015-12-22 15:42:31',71,45),(423,1,2,'2015-12-22 15:42:38',71,46),(424,1,4,'2015-12-22 15:42:32',71,47),(425,1,4,'2015-12-22 15:42:34',71,48),(426,1,4,'2015-12-22 15:42:33',71,49),(427,1,2,'2015-12-22 15:42:59',72,44),(428,1,0,'2015-12-22 15:42:58',72,45),(429,1,4,'2015-12-22 15:42:59',72,46),(430,1,4,'2015-12-22 15:43:01',72,47),(431,1,4,'2015-12-22 15:43:07',72,48),(432,1,4,'2015-12-22 15:42:59',72,49),(433,1,2,'2015-12-22 15:43:28',73,44),(434,1,2,'2015-12-22 15:43:27',73,45),(435,1,2,'2015-12-22 15:43:30',73,46),(436,1,4,'2015-12-22 15:43:27',73,47),(437,1,4,'2015-12-22 15:43:28',73,48),(438,1,4,'2015-12-22 15:43:27',73,49),(439,1,2,'2015-12-22 15:43:50',74,44),(440,1,0,'2015-12-22 15:43:48',74,45),(441,1,4,'2015-12-22 15:43:52',74,46),(442,1,4,'2015-12-22 15:43:50',74,47),(443,1,4,'2015-12-22 15:43:48',74,48),(444,1,4,'2015-12-22 15:43:49',74,49),(445,1,2,'2015-12-22 15:44:16',75,44),(446,1,0,'2015-12-22 15:44:10',75,45),(447,1,2,'2015-12-22 15:44:12',75,46),(448,1,4,'2015-12-22 15:44:11',75,47),(449,1,4,'2015-12-22 15:44:13',75,48),(450,1,4,'2015-12-22 15:44:10',75,49),(451,1,2,'2015-12-22 15:44:37',76,44),(452,1,2,'2015-12-22 15:44:35',76,45),(453,1,0,'2015-12-22 15:44:39',76,46),(454,1,4,'2015-12-22 15:44:35',76,47),(455,1,4,'2015-12-22 15:44:34',76,48),(456,1,2,'2015-12-22 15:44:34',76,49),(457,1,4,'2015-12-22 15:44:59',77,44),(458,1,0,'2015-12-22 15:44:56',77,45),(459,1,2,'2015-12-22 15:45:00',77,46),(460,1,2,'2015-12-22 15:44:58',77,47),(461,1,2,'2015-12-22 15:45:01',77,48),(462,1,2,'2015-12-22 15:44:57',77,49),(463,1,0,'2015-12-22 15:45:25',78,44),(464,1,0,'2015-12-22 15:45:19',78,45),(465,1,0,'2015-12-22 15:45:19',78,46),(466,1,2,'2015-12-22 15:45:21',78,47),(467,1,2,'2015-12-22 15:45:20',78,48),(468,1,0,'2015-12-22 15:45:19',78,49),(469,1,2,'2015-12-22 15:45:43',79,44),(470,1,0,'2015-12-22 15:45:52',79,45),(471,1,4,'2015-12-22 15:45:44',79,46),(472,1,2,'2015-12-22 15:45:53',79,47),(473,1,0,'2015-12-22 15:45:44',79,48),(474,1,0,'2015-12-22 15:45:44',79,49),(475,1,4,'2015-12-22 15:46:17',80,44),(476,1,0,'2015-12-22 15:46:11',80,45),(477,1,0,'2015-12-22 15:46:12',80,46),(478,1,4,'2015-12-22 15:46:12',80,47),(479,1,0,'2015-12-22 15:46:11',80,48),(480,1,0,'2015-12-22 15:46:11',80,49),(481,1,2,'2015-12-22 16:18:42',81,50),(482,1,4,'2015-12-22 16:18:53',81,51),(483,1,4,'2015-12-22 16:18:42',81,52),(484,1,2,'2015-12-22 16:18:44',81,53),(485,1,2,'2015-12-22 16:18:45',81,54),(486,1,2,'2015-12-22 16:18:43',81,55),(487,1,2,'2015-12-22 16:19:17',82,50),(488,1,2,'2015-12-22 16:19:17',82,51),(489,1,2,'2015-12-22 16:19:12',82,52),(490,1,0,'2015-12-22 16:19:20',82,53),(491,1,2,'2015-12-22 16:19:17',82,54),(492,1,4,'2015-12-22 16:19:12',82,55),(493,1,0,'2015-12-22 16:19:40',83,50),(494,1,4,'2015-12-22 16:19:46',83,51),(495,1,4,'2015-12-22 16:19:39',83,52),(496,1,0,'2015-12-22 16:19:46',83,53),(497,1,0,'2015-12-22 16:19:38',83,54),(498,1,4,'2015-12-22 16:19:40',83,55),(499,1,4,'2015-12-22 16:20:04',84,50),(500,1,2,'2015-12-22 16:20:18',84,51),(501,1,0,'2015-12-22 16:20:06',84,52),(502,1,2,'2015-12-22 16:20:05',84,53),(503,1,2,'2015-12-22 16:20:06',84,54),(504,1,2,'2015-12-22 16:20:05',84,55),(505,1,0,'2015-12-22 16:20:37',85,50),(506,1,4,'2015-12-22 16:20:51',85,51),(507,1,0,'2015-12-22 16:20:37',85,52),(508,1,4,'2015-12-22 16:20:40',85,53),(509,1,4,'2015-12-22 16:20:44',85,54),(510,1,2,'2015-12-22 16:20:41',85,55),(511,1,2,'2015-12-22 16:21:09',86,50),(512,1,2,'2015-12-22 16:21:16',86,51),(513,1,0,'2015-12-22 16:21:10',86,52),(514,1,2,'2015-12-22 16:21:14',86,53),(515,1,0,'2015-12-22 16:21:15',86,54),(516,1,4,'2015-12-22 16:21:11',86,55),(517,1,4,'2015-12-22 16:21:36',87,50),(518,1,4,'2015-12-22 16:21:50',87,51),(519,1,0,'2015-12-22 16:21:35',87,52),(520,1,4,'2015-12-22 16:21:38',87,53),(521,1,2,'2015-12-22 16:21:34',87,54),(522,1,4,'2015-12-22 16:21:34',87,55),(523,1,2,'2015-12-22 16:22:09',88,50),(524,1,0,'2015-12-22 16:22:12',88,51),(525,1,0,'2015-12-22 16:22:10',88,52),(526,1,2,'2015-12-22 16:22:07',88,53),(527,1,0,'2015-12-22 16:22:08',88,54),(528,1,2,'2015-12-22 16:22:10',88,55),(529,1,0,'2015-12-22 16:22:31',89,50),(530,1,4,'2015-12-22 16:22:32',89,51),(531,1,0,'2015-12-22 16:22:31',89,52),(532,1,4,'2015-12-22 16:22:32',89,53),(533,1,2,'2015-12-22 16:22:31',89,54),(534,1,4,'2015-12-22 16:22:31',89,55),(535,1,4,'2015-12-22 16:22:50',90,50),(536,1,4,'2015-12-22 16:23:01',90,51),(537,1,2,'2015-12-22 16:22:51',90,52),(538,1,4,'2015-12-22 16:22:52',90,53),(539,1,2,'2015-12-22 16:22:51',90,54),(540,1,4,'2015-12-22 16:22:50',90,55),(541,1,2,'2015-12-22 16:51:52',91,56),(542,1,2,'2015-12-22 16:51:49',91,57),(543,1,2,'2015-12-22 16:51:54',91,58),(544,1,4,'2015-12-22 16:51:49',91,59),(545,1,2,'2015-12-22 16:51:51',91,60),(546,1,4,'2015-12-22 16:51:48',91,61),(547,1,4,'2015-12-22 16:52:12',92,56),(548,1,2,'2015-12-22 16:52:15',92,57),(549,1,4,'2015-12-22 16:52:14',92,58),(550,1,4,'2015-12-22 16:52:16',92,59),(551,1,0,'2015-12-22 16:52:14',92,60),(552,1,0,'2015-12-22 16:52:13',92,61),(553,1,2,'2015-12-22 16:52:36',93,56),(554,1,4,'2015-12-22 16:52:34',93,57),(555,1,4,'2015-12-22 16:52:38',93,58),(556,1,2,'2015-12-22 16:52:37',93,59),(557,1,4,'2015-12-22 16:52:35',93,60),(558,1,0,'2015-12-22 16:52:36',93,61),(559,1,4,'2015-12-22 16:52:57',94,56),(560,1,4,'2015-12-22 16:52:59',94,57),(561,1,2,'2015-12-22 16:52:57',94,58),(562,1,2,'2015-12-22 16:53:02',94,59),(563,1,4,'2015-12-22 16:52:55',94,60),(564,1,4,'2015-12-22 16:52:57',94,61),(565,1,4,'2015-12-22 16:53:21',95,56),(566,1,2,'2015-12-22 16:53:20',95,57),(567,1,2,'2015-12-22 16:53:22',95,58),(568,1,2,'2015-12-22 16:53:29',95,59),(569,1,4,'2015-12-22 16:53:20',95,60),(570,1,4,'2015-12-22 16:53:21',95,61),(571,1,0,'2015-12-22 16:53:48',96,56),(572,1,2,'2015-12-22 16:53:49',96,57),(573,1,4,'2015-12-22 16:53:50',96,58),(574,1,2,'2015-12-22 16:53:54',96,59),(575,1,2,'2015-12-22 16:53:50',96,60),(576,1,4,'2015-12-22 16:53:50',96,61),(577,1,4,'2015-12-22 16:54:14',97,56),(578,1,0,'2015-12-22 16:54:13',97,57),(579,1,2,'2015-12-22 16:54:13',97,58),(580,1,2,'2015-12-22 16:54:14',97,59),(581,1,4,'2015-12-22 16:54:12',97,60),(582,1,2,'2015-12-22 16:54:14',97,61),(583,1,0,'2015-12-22 16:54:33',98,56),(584,1,2,'2015-12-22 16:54:34',98,57),(585,1,0,'2015-12-22 16:54:33',98,58),(586,1,2,'2015-12-22 16:54:35',98,59),(587,1,4,'2015-12-22 16:54:32',98,60),(588,1,2,'2015-12-22 16:54:33',98,61),(589,1,0,'2015-12-22 16:54:53',99,56),(590,1,0,'2015-12-22 16:54:53',99,57),(591,1,0,'2015-12-22 16:54:52',99,58),(592,1,0,'2015-12-22 16:54:57',99,59),(593,1,0,'2015-12-22 16:54:53',99,60),(594,1,0,'2015-12-22 16:54:54',99,61),(595,1,0,'2015-12-22 16:55:18',100,56),(596,1,0,'2015-12-22 16:55:14',100,57),(597,1,0,'2015-12-22 16:55:15',100,58),(598,1,0,'2015-12-22 16:55:18',100,59),(599,1,0,'2015-12-22 16:55:15',100,60),(600,1,0,'2015-12-22 16:55:16',100,61),(601,1,2,'2015-12-22 17:11:18',101,62),(602,1,2,'2015-12-22 17:11:22',101,63),(603,1,2,'2015-12-22 17:11:20',101,64),(604,1,2,'2015-12-22 17:11:27',101,65),(605,1,2,'2015-12-22 17:11:27',101,66),(606,1,4,'2015-12-22 17:11:21',101,67),(607,1,2,'2015-12-22 17:11:49',102,62),(608,1,2,'2015-12-22 17:11:50',102,63),(609,1,4,'2015-12-22 17:11:47',102,64),(610,1,2,'2015-12-22 17:11:47',102,65),(611,1,4,'2015-12-22 17:11:54',102,66),(612,1,2,'2015-12-22 17:11:50',102,67),(613,1,4,'2015-12-22 17:12:14',103,62),(614,1,4,'2015-12-22 17:12:13',103,63),(615,1,0,'2015-12-22 17:12:12',103,64),(616,1,0,'2015-12-22 17:12:14',103,65),(617,1,0,'2015-12-22 17:12:22',103,66),(618,1,4,'2015-12-22 17:12:13',103,67),(619,1,2,'2015-12-22 17:12:43',104,62),(620,1,0,'2015-12-22 17:12:40',104,63),(621,1,2,'2015-12-22 17:12:41',104,64),(622,1,2,'2015-12-22 17:12:41',104,65),(623,1,4,'2015-12-22 17:12:45',104,66),(624,1,2,'2015-12-22 17:12:46',104,67),(625,1,2,'2015-12-22 17:13:05',105,62),(626,1,2,'2015-12-22 17:13:05',105,63),(627,1,0,'2015-12-22 17:13:06',105,64),(628,1,4,'2015-12-22 17:13:05',105,65),(629,1,4,'2015-12-22 17:13:11',105,66),(630,1,0,'2015-12-22 17:13:11',105,67),(631,1,2,'2015-12-22 17:13:32',106,62),(632,1,0,'2015-12-22 17:13:30',106,63),(633,1,4,'2015-12-22 17:13:30',106,64),(634,1,2,'2015-12-22 17:13:30',106,65),(635,1,2,'2015-12-22 17:13:39',106,66),(636,1,4,'2015-12-22 17:13:28',106,67),(637,1,2,'2015-12-22 17:13:59',107,62),(638,1,4,'2015-12-22 17:13:58',107,63),(639,1,0,'2015-12-22 17:13:59',107,64),(640,1,4,'2015-12-22 17:13:57',107,65),(641,1,4,'2015-12-22 17:14:05',107,66),(642,1,4,'2015-12-22 17:13:57',107,67),(643,1,2,'2015-12-22 17:14:24',108,62),(644,1,2,'2015-12-22 17:14:24',108,63),(645,1,4,'2015-12-22 17:14:23',108,64),(646,1,4,'2015-12-22 17:14:23',108,65),(647,1,2,'2015-12-22 17:14:39',108,66),(648,1,4,'2015-12-22 17:14:23',108,67),(649,1,2,'2015-12-22 17:14:58',109,62),(650,1,2,'2015-12-22 17:14:59',109,63),(651,1,0,'2015-12-22 17:14:58',109,64),(652,1,0,'2015-12-22 17:14:56',109,65),(653,1,4,'2015-12-22 17:14:58',109,66),(654,1,4,'2015-12-22 17:15:02',109,67),(655,1,2,'2015-12-22 17:15:21',110,62),(656,1,0,'2015-12-22 17:15:20',110,63),(657,1,2,'2015-12-22 17:15:20',110,64),(658,1,0,'2015-12-22 17:15:19',110,65),(659,1,4,'2015-12-22 17:15:41',110,66),(660,1,2,'2015-12-22 17:15:20',110,67),(661,1,2,'2015-12-23 14:37:39',111,68),(662,1,0,'2015-12-23 14:37:37',111,69),(663,1,2,'2015-12-23 14:37:38',111,70),(664,1,0,'2015-12-23 14:37:39',111,71),(665,1,0,'2015-12-23 14:37:40',111,72),(666,1,0,'2015-12-23 14:37:40',111,73),(667,1,2,'2015-12-23 14:38:00',112,68),(668,1,2,'2015-12-23 14:38:05',112,69),(669,1,2,'2015-12-23 14:37:59',112,70),(670,1,2,'2015-12-23 14:38:02',112,71),(671,1,2,'2015-12-23 14:38:01',112,72),(672,1,4,'2015-12-23 14:38:02',112,73),(673,1,2,'2015-12-23 14:38:24',113,68),(674,1,0,'2015-12-23 14:38:25',113,69),(675,1,4,'2015-12-23 14:38:25',113,70),(676,1,0,'2015-12-23 14:38:28',113,71),(677,1,4,'2015-12-23 14:38:28',113,72),(678,1,4,'2015-12-23 14:38:29',113,73),(679,1,0,'2015-12-23 14:38:48',114,68),(680,1,0,'2015-12-23 14:38:49',114,69),(681,1,0,'2015-12-23 14:38:49',114,70),(682,1,0,'2015-12-23 14:38:50',114,71),(683,1,2,'2015-12-23 14:38:49',114,72),(684,1,2,'2015-12-23 14:38:50',114,73),(685,1,4,'2015-12-23 14:39:12',115,68),(686,1,0,'2015-12-23 14:39:12',115,69),(687,1,4,'2015-12-23 14:39:13',115,70),(688,1,4,'2015-12-23 14:39:12',115,71),(689,1,4,'2015-12-23 14:39:13',115,72),(690,1,4,'2015-12-23 14:39:14',115,73),(691,1,2,'2015-12-23 14:39:33',116,68),(692,1,2,'2015-12-23 14:39:35',116,69),(693,1,4,'2015-12-23 14:39:33',116,70),(694,1,2,'2015-12-23 14:39:36',116,71),(695,1,4,'2015-12-23 14:39:36',116,72),(696,1,2,'2015-12-23 14:39:37',116,73),(697,1,2,'2015-12-23 14:39:56',117,68),(698,1,2,'2015-12-23 14:39:56',117,69),(699,1,2,'2015-12-23 14:39:55',117,70),(700,1,2,'2015-12-23 14:39:57',117,71),(701,1,2,'2015-12-23 14:39:57',117,72),(702,1,4,'2015-12-23 14:39:58',117,73),(703,1,0,'2015-12-23 14:40:18',118,68),(704,1,0,'2015-12-23 14:40:19',118,69),(705,1,4,'2015-12-23 14:40:17',118,70),(706,1,0,'2015-12-23 14:40:18',118,71),(707,1,0,'2015-12-23 14:40:19',118,72),(708,1,0,'2015-12-23 14:40:19',118,73),(709,1,0,'2015-12-23 14:40:40',119,68),(710,1,0,'2015-12-23 14:40:40',119,69),(711,1,0,'2015-12-23 14:40:39',119,70),(712,1,0,'2015-12-23 14:40:37',119,71),(713,1,0,'2015-12-23 14:40:39',119,72),(714,1,0,'2015-12-23 14:40:37',119,73),(715,1,0,'2015-12-23 14:41:03',120,68),(716,1,0,'2015-12-23 14:41:04',120,69),(717,1,4,'2015-12-23 14:40:59',120,70),(718,1,0,'2015-12-23 14:41:02',120,71),(719,1,4,'2015-12-23 14:41:00',120,72),(720,1,0,'2015-12-23 14:41:01',120,73),(721,1,4,'2015-12-23 16:19:39',121,74),(722,1,0,'2015-12-23 16:19:32',121,75),(723,1,0,'2015-12-23 16:19:31',121,76),(724,1,2,'2015-12-23 16:19:30',121,77),(725,1,2,'2015-12-23 16:19:25',121,78),(726,1,2,'2015-12-23 16:19:27',121,79),(727,1,4,'2015-12-23 16:20:03',122,74),(728,1,0,'2015-12-23 16:20:01',122,75),(729,1,0,'2015-12-23 16:20:01',122,76),(730,1,4,'2015-12-23 16:19:57',122,77),(731,1,2,'2015-12-23 16:19:57',122,78),(732,1,2,'2015-12-23 16:20:01',122,79),(733,1,2,'2015-12-23 16:20:24',123,74),(734,1,2,'2015-12-23 16:20:23',123,75),(735,1,0,'2015-12-23 16:20:23',123,76),(736,1,4,'2015-12-23 16:20:23',123,77),(737,1,2,'2015-12-23 16:20:21',123,78),(738,0,2,NULL,123,79),(739,1,2,'2015-12-23 16:21:07',124,74),(740,1,2,'2015-12-23 16:21:08',124,75),(741,1,0,'2015-12-23 16:21:07',124,76),(742,1,4,'2015-12-23 16:21:08',124,77),(743,1,4,'2015-12-23 16:21:06',124,78),(744,0,2,NULL,124,79),(745,1,0,'2015-12-23 16:21:54',125,74),(746,1,0,'2015-12-23 16:21:57',125,75),(747,1,2,'2015-12-23 16:21:55',125,76),(748,1,4,'2015-12-23 16:21:56',125,77),(749,1,4,'2015-12-23 16:21:52',125,78),(750,0,3,NULL,125,79),(751,1,2,'2015-12-23 16:22:42',126,74),(752,1,2,'2015-12-23 16:22:37',126,75),(753,1,0,'2015-12-23 16:22:36',126,76),(754,1,4,'2015-12-23 16:22:37',126,77),(755,1,4,'2015-12-23 16:22:37',126,78),(756,0,4,NULL,126,79),(757,1,2,'2015-12-23 16:23:23',127,74),(758,1,2,'2015-12-23 16:23:23',127,75),(759,1,0,'2015-12-23 16:23:39',127,76),(760,1,4,'2015-12-23 16:23:22',127,77),(761,1,4,'2015-12-23 16:23:21',127,78),(762,0,4,NULL,127,79),(763,1,4,'2015-12-23 16:24:12',128,74),(764,1,4,'2015-12-23 16:24:06',128,75),(765,1,0,'2015-12-23 16:24:07',128,76),(766,1,4,'2015-12-23 16:24:09',128,77),(767,1,2,'2015-12-23 16:24:07',128,78),(768,0,4,NULL,128,79),(769,1,2,'2015-12-23 16:24:53',129,74),(770,1,2,'2015-12-23 16:24:52',129,75),(771,1,0,'2015-12-23 16:24:50',129,76),(772,1,2,'2015-12-23 16:24:53',129,77),(773,1,4,'2015-12-23 16:24:51',129,78),(774,0,4,NULL,129,79),(775,1,0,'2015-12-23 16:25:46',130,74),(776,1,0,'2015-12-23 16:25:37',130,75),(777,1,0,'2015-12-23 16:25:39',130,76),(778,1,0,'2015-12-23 16:25:39',130,77),(779,1,2,'2015-12-23 16:25:37',130,78),(780,0,4,NULL,130,79),(781,1,0,'2015-12-23 16:45:35',131,81),(782,1,2,'2015-12-23 16:45:29',131,82),(783,1,4,'2015-12-23 16:45:30',131,83),(784,1,2,'2015-12-23 16:45:30',131,84),(785,1,2,'2015-12-23 16:45:27',131,85),(786,1,2,'2015-12-23 16:45:30',131,86),(787,1,0,'2015-12-23 16:46:02',132,81),(788,1,4,'2015-12-23 16:45:55',132,82),(789,1,0,'2015-12-23 16:45:58',132,83),(790,1,4,'2015-12-23 16:45:59',132,84),(791,1,2,'2015-12-23 16:45:54',132,85),(792,1,0,'2015-12-23 16:45:56',132,86),(793,1,2,'2015-12-23 16:46:21',133,81),(794,1,4,'2015-12-23 16:46:21',133,82),(795,1,2,'2015-12-23 16:46:23',133,83),(796,1,2,'2015-12-23 16:46:21',133,84),(797,1,2,'2015-12-23 16:46:20',133,85),(798,1,0,'2015-12-23 16:46:23',133,86),(799,1,4,'2015-12-23 16:46:41',134,81),(800,1,0,'2015-12-23 16:46:41',134,82),(801,1,2,'2015-12-23 16:46:44',134,83),(802,1,2,'2015-12-23 16:46:47',134,84),(803,1,2,'2015-12-23 16:46:42',134,85),(804,1,2,'2015-12-23 16:46:41',134,86),(805,1,4,'2015-12-23 16:47:05',135,81),(806,1,0,'2015-12-23 16:47:08',135,82),(807,1,2,'2015-12-23 16:47:07',135,83),(808,1,0,'2015-12-23 16:47:07',135,84),(809,1,2,'2015-12-23 16:47:05',135,85),(810,1,4,'2015-12-23 16:47:05',135,86),(811,1,2,'2015-12-23 16:47:26',136,81),(812,1,2,'2015-12-23 16:47:27',136,82),(813,1,0,'2015-12-23 16:47:28',136,83),(814,1,2,'2015-12-23 16:47:28',136,84),(815,1,2,'2015-12-23 16:47:27',136,85),(816,1,4,'2015-12-23 16:47:27',136,86),(817,1,2,'2015-12-23 16:47:46',137,81),(818,1,2,'2015-12-23 16:47:47',137,82),(819,1,2,'2015-12-23 16:47:47',137,83),(820,1,0,'2015-12-23 16:47:49',137,84),(821,1,2,'2015-12-23 16:47:45',137,85),(822,1,4,'2015-12-23 16:47:48',137,86),(823,1,4,'2015-12-23 16:48:06',138,81),(824,1,0,'2015-12-23 16:48:06',138,82),(825,1,2,'2015-12-23 16:48:13',138,83),(826,1,2,'2015-12-23 16:48:17',138,84),(827,1,2,'2015-12-23 16:48:08',138,85),(828,1,4,'2015-12-23 16:48:09',138,86),(829,1,4,'2015-12-23 16:48:35',139,81),(830,1,2,'2015-12-23 16:48:35',139,82),(831,1,2,'2015-12-23 16:48:50',139,83),(832,1,0,'2015-12-23 16:48:37',139,84),(833,1,2,'2015-12-23 16:48:35',139,85),(834,1,4,'2015-12-23 16:48:36',139,86),(835,1,0,'2015-12-23 16:49:09',140,81),(836,1,0,'2015-12-23 16:49:09',140,82),(837,1,0,'2015-12-23 16:49:10',140,83),(838,1,2,'2015-12-23 16:49:12',140,84),(839,1,4,'2015-12-23 16:49:09',140,85),(840,1,2,'2015-12-23 16:49:10',140,86),(841,1,4,'2015-12-23 17:15:08',141,87),(842,1,4,'2015-12-23 17:15:06',141,88),(843,0,2,NULL,141,89),(844,1,2,'2015-12-23 17:15:13',141,90),(845,1,4,'2015-12-23 17:15:05',141,91),(846,1,2,'2015-12-23 17:15:06',141,92),(847,1,4,'2015-12-23 17:15:53',142,87),(848,1,4,'2015-12-23 17:15:52',142,88),(849,1,2,'2015-12-23 17:15:54',142,89),(850,1,4,'2015-12-23 17:15:56',142,90),(851,1,4,'2015-12-23 17:15:50',142,91),(852,1,2,'2015-12-23 17:15:46',142,92),(853,1,4,'2015-12-23 17:16:16',143,87),(854,1,4,'2015-12-23 17:16:15',143,88),(855,1,0,'2015-12-23 17:16:22',143,89),(856,1,4,'2015-12-23 17:16:16',143,90),(857,1,2,'2015-12-23 17:16:17',143,91),(858,1,4,'2015-12-23 17:16:14',143,92),(859,1,4,'2015-12-23 17:16:42',144,87),(860,1,2,'2015-12-23 17:16:41',144,88),(861,1,2,'2015-12-23 17:16:42',144,89),(862,1,4,'2015-12-23 17:16:42',144,90),(863,1,4,'2015-12-23 17:16:41',144,91),(864,1,4,'2015-12-23 17:16:49',144,92),(865,1,4,'2015-12-23 17:17:08',145,87),(866,1,4,'2015-12-23 17:17:08',145,88),(867,1,2,'2015-12-23 17:17:09',145,89),(868,1,4,'2015-12-23 17:17:09',145,90),(869,1,4,'2015-12-23 17:17:09',145,91),(870,1,2,'2015-12-23 17:17:18',145,92),(871,1,4,'2015-12-23 17:17:37',146,87),(872,1,2,'2015-12-23 17:17:36',146,88),(873,1,0,'2015-12-23 17:17:38',146,89),(874,1,4,'2015-12-23 17:17:38',146,90),(875,1,2,'2015-12-23 17:17:39',146,91),(876,1,4,'2015-12-23 17:17:37',146,92),(877,1,4,'2015-12-23 17:17:57',147,87),(878,1,4,'2015-12-23 17:17:59',147,88),(879,1,0,'2015-12-23 17:17:57',147,89),(880,1,4,'2015-12-23 17:17:58',147,90),(881,1,2,'2015-12-23 17:17:58',147,91),(882,1,4,'2015-12-23 17:17:58',147,92),(883,1,4,'2015-12-23 17:18:18',148,87),(884,1,0,'2015-12-23 17:18:19',148,88),(885,1,0,'2015-12-23 17:18:18',148,89),(886,1,4,'2015-12-23 17:18:19',148,90),(887,1,0,'2015-12-23 17:18:18',148,91),(888,1,2,'2015-12-23 17:18:18',148,92),(889,1,4,'2015-12-23 17:18:37',149,87),(890,1,0,'2015-12-23 17:18:37',149,88),(891,1,0,'2015-12-23 17:18:37',149,89),(892,1,4,'2015-12-23 17:18:38',149,90),(893,1,0,'2015-12-23 17:18:37',149,91),(894,1,4,'2015-12-23 17:18:37',149,92),(895,1,4,'2015-12-23 17:18:57',150,87),(896,1,0,'2015-12-23 17:18:56',150,88),(897,1,0,'2015-12-23 17:18:56',150,89),(898,1,4,'2015-12-23 17:18:58',150,90),(899,1,0,'2015-12-23 17:18:57',150,91),(900,1,4,'2015-12-23 17:18:56',150,92),(901,1,4,'2015-12-23 18:09:10',151,104),(902,1,2,'2015-12-23 18:09:08',151,105),(903,1,4,'2015-12-23 18:09:10',151,106),(904,1,2,'2015-12-23 18:09:09',151,107),(905,1,4,'2015-12-23 18:09:14',151,108),(906,1,2,'2015-12-23 18:09:09',151,109),(907,1,4,'2015-12-23 18:09:33',152,104),(908,1,2,'2015-12-23 18:09:43',152,105),(909,1,4,'2015-12-23 18:09:33',152,106),(910,1,4,'2015-12-23 18:09:36',152,107),(911,1,2,'2015-12-23 18:09:42',152,108),(912,1,4,'2015-12-23 18:09:33',152,109),(913,1,4,'2015-12-23 18:10:03',153,104),(914,1,4,'2015-12-23 18:10:02',153,105),(915,1,4,'2015-12-23 18:10:01',153,106),(916,1,4,'2015-12-23 18:10:05',153,107),(917,1,2,'2015-12-23 18:10:10',153,108),(918,1,2,'2015-12-23 18:10:07',153,109),(919,1,4,'2015-12-23 18:10:29',154,104),(920,1,0,'2015-12-23 18:10:28',154,105),(921,1,4,'2015-12-23 18:10:29',154,106),(922,1,4,'2015-12-23 18:10:31',154,107),(923,1,4,'2015-12-23 18:10:38',154,108),(924,1,0,'2015-12-23 18:10:29',154,109),(925,1,4,'2015-12-23 18:10:56',155,104),(926,1,2,'2015-12-23 18:10:56',155,105),(927,1,4,'2015-12-23 18:10:56',155,106),(928,1,2,'2015-12-23 18:10:55',155,107),(929,1,2,'2015-12-23 18:11:04',155,108),(930,1,4,'2015-12-23 18:10:56',155,109),(931,1,2,'2015-12-23 18:11:22',156,104),(932,1,0,'2015-12-23 18:11:23',156,105),(933,1,4,'2015-12-23 18:11:23',156,106),(934,1,4,'2015-12-23 18:11:24',156,107),(935,1,2,'2015-12-23 18:11:28',156,108),(936,1,0,'2015-12-23 18:11:29',156,109),(937,1,2,'2015-12-23 18:11:47',157,104),(938,1,0,'2015-12-23 18:11:46',157,105),(939,1,4,'2015-12-23 18:11:49',157,106),(940,1,2,'2015-12-23 18:11:47',157,107),(941,1,0,'2015-12-23 18:11:46',157,108),(942,1,2,'2015-12-23 18:11:50',157,109),(943,1,0,'2015-12-23 18:12:09',158,104),(944,1,0,'2015-12-23 18:12:08',158,105),(945,1,4,'2015-12-23 18:12:08',158,106),(946,1,2,'2015-12-23 18:12:08',158,107),(947,1,0,'2015-12-23 18:12:11',158,108),(948,1,2,'2015-12-23 18:12:12',158,109),(949,1,0,'2015-12-23 18:12:32',159,104),(950,1,0,'2015-12-23 18:12:30',159,105),(951,1,0,'2015-12-23 18:12:31',159,106),(952,1,0,'2015-12-23 18:12:30',159,107),(953,1,0,'2015-12-23 18:12:31',159,108),(954,1,0,'2015-12-23 18:12:31',159,109),(955,1,0,'2015-12-23 18:12:52',160,104),(956,1,0,'2015-12-23 18:12:53',160,105),(957,1,0,'2015-12-23 18:12:50',160,106),(958,1,0,'2015-12-23 18:12:51',160,107),(959,1,0,'2015-12-23 18:12:56',160,108),(960,1,0,'2015-12-23 18:12:52',160,109),(961,1,0,'2015-12-23 18:42:02',161,102),(962,1,4,'2015-12-23 18:41:58',161,110),(963,1,4,'2015-12-23 18:41:57',161,111),(964,1,2,'2015-12-23 18:42:01',161,112),(965,1,2,'2015-12-23 18:42:02',161,113),(966,1,4,'2015-12-23 18:41:58',161,115),(967,1,4,'2015-12-23 18:42:22',162,102),(968,1,4,'2015-12-23 18:42:26',162,110),(969,1,2,'2015-12-23 18:42:20',162,111),(970,1,2,'2015-12-23 18:42:25',162,112),(971,1,2,'2015-12-23 18:42:25',162,113),(972,1,2,'2015-12-23 18:42:24',162,115),(973,1,0,'2015-12-23 18:42:46',163,102),(974,1,2,'2015-12-23 18:42:46',163,110),(975,1,4,'2015-12-23 18:42:45',163,111),(976,1,2,'2015-12-23 18:42:46',163,112),(977,1,0,'2015-12-23 18:42:46',163,113),(978,1,2,'2015-12-23 18:42:49',163,115),(979,1,0,'2015-12-23 18:43:10',164,102),(980,1,4,'2015-12-23 18:43:07',164,110),(981,1,0,'2015-12-23 18:43:07',164,111),(982,1,4,'2015-12-23 18:43:07',164,112),(983,1,0,'2015-12-23 18:43:09',164,113),(984,1,4,'2015-12-23 18:43:07',164,115),(985,1,2,'2015-12-23 18:43:31',165,102),(986,1,4,'2015-12-23 18:43:28',165,110),(987,1,4,'2015-12-23 18:43:28',165,111),(988,1,4,'2015-12-23 18:43:28',165,112),(989,1,2,'2015-12-23 18:43:30',165,113),(990,1,2,'2015-12-23 18:43:29',165,115),(991,1,4,'2015-12-23 18:43:50',166,102),(992,1,4,'2015-12-23 18:43:50',166,110),(993,1,2,'2015-12-23 18:43:49',166,111),(994,1,2,'2015-12-23 18:43:50',166,112),(995,1,0,'2015-12-23 18:43:49',166,113),(996,1,4,'2015-12-23 18:43:48',166,115),(997,1,4,'2015-12-23 18:44:12',167,102),(998,1,2,'2015-12-23 18:44:09',167,110),(999,1,4,'2015-12-23 18:44:09',167,111),(1000,1,4,'2015-12-23 18:44:12',167,112),(1001,1,2,'2015-12-23 18:44:14',167,113),(1002,1,2,'2015-12-23 18:44:11',167,115),(1003,1,0,'2015-12-23 18:44:33',168,102),(1004,1,2,'2015-12-23 18:44:32',168,110),(1005,1,4,'2015-12-23 18:44:32',168,111),(1006,1,2,'2015-12-23 18:44:32',168,112),(1007,1,2,'2015-12-23 18:44:33',168,113),(1008,1,0,'2015-12-23 18:44:32',168,115),(1009,1,0,'2015-12-23 18:44:54',169,102),(1010,1,0,'2015-12-23 18:44:50',169,110),(1011,1,2,'2015-12-23 18:44:51',169,111),(1012,1,0,'2015-12-23 18:44:51',169,112),(1013,1,0,'2015-12-23 18:44:52',169,113),(1014,1,4,'2015-12-23 18:44:51',169,115),(1015,1,0,'2015-12-23 18:45:14',170,102),(1016,1,0,'2015-12-23 18:45:12',170,110),(1017,1,0,'2015-12-23 18:45:12',170,111),(1018,1,0,'2015-12-23 18:45:14',170,112),(1019,1,2,'2015-12-23 18:45:13',170,113),(1020,1,0,'2015-12-23 18:45:13',170,115),(1021,1,4,'2015-12-23 19:13:05',171,117),(1022,1,2,'2015-12-23 19:13:00',171,118),(1023,1,2,'2015-12-23 19:13:00',171,119),(1024,1,2,'2015-12-23 19:13:09',171,120),(1025,1,2,'2015-12-23 19:13:04',171,121),(1026,1,4,'2015-12-23 19:13:06',171,122),(1027,1,2,'2015-12-23 19:13:35',172,117),(1028,1,2,'2015-12-23 19:13:32',172,118),(1029,1,4,'2015-12-23 19:13:29',172,119),(1030,1,2,'2015-12-23 19:13:33',172,120),(1031,1,2,'2015-12-23 19:13:31',172,121),(1032,1,2,'2015-12-23 19:13:32',172,122),(1033,1,4,'2015-12-23 19:13:58',173,117),(1034,1,2,'2015-12-23 19:13:53',173,118),(1035,1,4,'2015-12-23 19:13:54',173,119),(1036,1,4,'2015-12-23 19:13:55',173,120),(1037,1,4,'2015-12-23 19:13:54',173,121),(1038,1,2,'2015-12-23 19:14:13',173,122),(1039,1,2,'2015-12-23 19:14:32',174,117),(1040,1,2,'2015-12-23 19:14:32',174,118),(1041,1,4,'2015-12-23 19:14:32',174,119),(1042,1,4,'2015-12-23 19:14:36',174,120),(1043,1,4,'2015-12-23 19:14:32',174,121),(1044,1,2,'2015-12-23 19:14:37',174,122),(1045,1,2,'2015-12-23 19:14:58',175,117),(1046,1,4,'2015-12-23 19:14:55',175,118),(1047,1,4,'2015-12-23 19:14:55',175,119),(1048,1,4,'2015-12-23 19:14:59',175,120),(1049,1,4,'2015-12-23 19:14:56',175,121),(1050,1,2,'2015-12-23 19:15:06',175,122),(1051,1,2,'2015-12-23 19:15:25',176,117),(1052,1,4,'2015-12-23 19:15:24',176,118),(1053,1,4,'2015-12-23 19:15:23',176,119),(1054,1,0,'2015-12-23 19:15:27',176,120),(1055,1,4,'2015-12-23 19:15:24',176,121),(1056,1,4,'2015-12-23 19:15:28',176,122),(1057,1,0,'2015-12-23 19:15:48',177,117),(1058,1,4,'2015-12-23 19:15:51',177,118),(1059,1,2,'2015-12-23 19:15:46',177,119),(1060,1,4,'2015-12-23 19:15:50',177,120),(1061,1,2,'2015-12-23 19:15:48',177,121),(1062,1,2,'2015-12-23 19:15:48',177,122),(1063,1,0,'2015-12-23 19:16:11',178,117),(1064,1,2,'2015-12-23 19:16:10',178,118),(1065,1,0,'2015-12-23 19:16:09',178,119),(1066,1,0,'2015-12-23 19:16:18',178,120),(1067,1,2,'2015-12-23 19:16:12',178,121),(1068,1,0,'2015-12-23 19:16:11',178,122),(1069,1,0,'2015-12-23 19:16:39',179,117),(1070,1,0,'2015-12-23 19:16:41',179,118),(1071,1,0,'2015-12-23 19:16:36',179,119),(1072,1,0,'2015-12-23 19:16:50',179,120),(1073,1,2,'2015-12-23 19:16:40',179,121),(1074,1,2,'2015-12-23 19:16:40',179,122),(1075,1,0,'2015-12-23 19:17:11',180,117),(1076,1,4,'2015-12-23 19:17:08',180,118),(1077,1,0,'2015-12-23 19:17:08',180,119),(1078,1,0,'2015-12-23 19:17:10',180,120),(1079,1,0,'2015-12-23 19:17:09',180,121),(1080,1,4,'2015-12-23 19:17:14',180,122);
/*!40000 ALTER TABLE `game_userronda` ENABLE KEYS */;
UNLOCK TABLES;

--
-- Dumping events for database 'drbrain2_city'
--

--
-- Dumping routines for database 'drbrain2_city'
--
/*!40103 SET TIME_ZONE=@OLD_TIME_ZONE */;

/*!40101 SET SQL_MODE=@OLD_SQL_MODE */;
/*!40014 SET FOREIGN_KEY_CHECKS=@OLD_FOREIGN_KEY_CHECKS */;
/*!40014 SET UNIQUE_CHECKS=@OLD_UNIQUE_CHECKS */;
/*!40101 SET CHARACTER_SET_CLIENT=@OLD_CHARACTER_SET_CLIENT */;
/*!40101 SET CHARACTER_SET_RESULTS=@OLD_CHARACTER_SET_RESULTS */;
/*!40101 SET COLLATION_CONNECTION=@OLD_COLLATION_CONNECTION */;
/*!40111 SET SQL_NOTES=@OLD_SQL_NOTES */;

-- Dump completed on 2015-12-24 16:59:53
