"id","num_ronda","bucket_inici_ronda","bucket_final_ronda","temps_inici_ronda","temps_final_ronda","partida_id","calculada"
1,1,120,102,"2015-12-12 11:15:35.868141","2015-12-12 11:15:47.496505",1,1
2,2,102,82,"2015-12-12 11:16:02.496505","2015-12-12 11:16:13.482420",1,1
3,3,82,61,"2015-12-12 11:16:28.482420","2015-12-12 11:16:40.223503",1,1
4,4,61,49,"2015-12-12 11:16:55.223503","2015-12-12 11:17:07.851955",1,1
5,5,49,36,"2015-12-12 11:17:22.851955","2015-12-12 11:17:33.835103",1,1
6,6,36,21,"2015-12-12 11:17:48.835103","2015-12-12 11:18:03.103477",1,1
7,7,21,8,"2015-12-12 11:18:18.103477","2015-12-12 11:18:27.032402",1,1
8,8,8,1,"2015-12-12 11:18:42.032402","2015-12-12 11:18:53.585914",1,1
9,9,1,-5,"2015-12-12 11:19:08.585914","2015-12-12 11:19:13.116412",1,1
10,10,-5,-11,"2015-12-12 11:19:28.116412","2015-12-12 11:19:36.610234",1,1
11,1,120,101,"2015-12-12 11:17:28.300325","2015-12-12 11:17:34.520696",2,1
12,2,101,78,"2015-12-12 11:17:49.520696","2015-12-12 11:17:53.724579",2,1
13,3,78,57,"2015-12-12 11:18:08.724579","2015-12-12 11:18:16.268780",2,1
14,4,57,34,"2015-12-12 11:18:31.268780","2015-12-12 11:18:35.632214",2,1
15,5,34,16,"2015-12-12 11:18:50.632214","2015-12-12 11:18:59.151778",2,1
16,6,16,0,"2015-12-12 11:19:14.151778","2015-12-12 11:19:20.183937",2,1
17,7,0,-13,"2015-12-12 11:19:35.183937","2015-12-12 11:19:40.449211",2,1
18,8,-13,-25,"2015-12-12 11:19:55.449211","2015-12-12 11:20:00.652349",2,1
19,9,-25,-43,"2015-12-12 11:20:15.652349","2015-12-12 11:20:20.441038",2,1
20,10,-43,-53,"2015-12-12 11:20:35.441038","2015-12-12 11:20:41.423229",2,1
21,1,120,103,"2015-12-12 11:25:51.654133","2015-12-12 11:26:01.659950",3,1
22,2,103,88,"2015-12-12 11:26:16.659950","2015-12-12 11:26:29.192402",3,1
23,3,88,70,"2015-12-12 11:26:44.192402","2015-12-12 11:26:48.897186",3,1
24,4,70,49,"2015-12-12 11:27:03.897186","2015-12-12 11:27:13.918638",3,1
25,5,49,31,"2015-12-12 11:27:28.918638","2015-12-12 11:27:33.766596",3,1
26,6,31,13,"2015-12-12 11:27:48.766596","2015-12-12 11:27:56.253975",3,1
27,7,13,-1,"2015-12-12 11:28:11.253975","2015-12-12 11:28:15.659336",3,1
28,8,-1,-8,"2015-12-12 11:28:30.659336","2015-12-12 11:28:39.646749",3,1
29,9,-8,-18,"2015-12-12 11:28:54.646749","2015-12-12 11:29:05.102047",3,1
30,10,-18,-23,"2015-12-12 11:29:20.102047","2015-12-12 11:29:24.731410",3,1
31,1,120,109,"2015-12-12 11:42:00.047236","2015-12-12 11:42:18.072555",4,1
32,2,109,91,"2015-12-12 11:42:33.072555","2015-12-12 11:42:43.355652",4,1
33,3,91,74,"2015-12-12 11:42:58.355652","2015-12-12 11:43:06.785968",4,1
34,4,74,65,"2015-12-12 11:43:21.785968","2015-12-12 11:43:28.300983",4,1
35,5,65,52,"2015-12-12 11:43:43.300983","2015-12-12 11:43:48.056314",4,1
36,6,52,40,"2015-12-12 11:44:03.056314","2015-12-12 11:44:09.956455",4,1
37,7,40,26,"2015-12-12 11:44:24.956455","2015-12-12 11:44:30.074528",4,1
38,8,26,20,"2015-12-12 11:44:45.074528","2015-12-12 11:44:49.940267",4,1
39,9,20,8,"2015-12-12 11:45:04.940267","2015-12-12 11:45:13.038336",4,1
40,10,8,-4,"2015-12-12 11:45:28.038336","2015-12-12 11:45:42.996146",4,1
41,1,120,104,"2015-12-12 11:51:00.305536","2015-12-12 11:51:13.494737",5,1
42,2,104,90,"2015-12-12 11:51:28.494737","2015-12-12 11:51:34.716208",5,1
43,3,90,79,"2015-12-12 11:51:49.716208","2015-12-12 11:51:58.805883",5,1
44,4,79,62,"2015-12-12 11:52:13.805883","2015-12-12 11:52:25.864745",5,1
45,5,62,51,"2015-12-12 11:52:40.864745","2015-12-12 11:52:55.537702",5,1
46,6,51,38,"2015-12-12 11:53:10.537702","2015-12-12 11:53:14.858163",5,1
47,7,38,29,"2015-12-12 11:53:29.858163","2015-12-12 11:53:34.306244",5,1
48,8,29,24,"2015-12-12 11:53:49.306244","2015-12-12 11:53:55.827742",5,1
49,9,24,11,"2015-12-12 11:54:10.827742","2015-12-12 11:54:19.090008",5,1
50,10,11,-8,"2015-12-12 11:54:34.090008","2015-12-12 11:54:41.867046",5,1
51,1,120,107,"2015-12-12 12:04:19.342282","2015-12-12 12:04:36.677337",6,1
52,2,107,91,"2015-12-12 12:04:51.677337","2015-12-12 12:05:04.988431",6,1
53,3,91,75,"2015-12-12 12:05:19.988431","2015-12-12 12:05:26.900189",6,1
54,4,75,61,"2015-12-12 12:05:41.900189","2015-12-12 12:05:49.317892",6,1
55,5,61,48,"2015-12-12 12:06:04.317892","2015-12-12 12:06:13.234368",6,1
56,6,48,37,"2015-12-12 12:06:28.234368","2015-12-12 12:06:37.283034",6,1
57,7,37,26,"2015-12-12 12:06:52.283034","2015-12-12 12:07:02.325176",6,1
58,8,26,14,"2015-12-12 12:07:17.325176","2015-12-12 12:07:29.080151",6,1
59,9,14,4,"2015-12-12 12:07:44.080151","2015-12-12 12:07:53.641745",6,1
60,10,4,-2,"2015-12-12 12:08:08.641745","2015-12-12 12:08:14.311144",6,1
61,1,120,107,"2015-12-12 12:08:57.486795","2015-12-12 12:09:08.168900",7,1
62,2,107,91,"2015-12-12 12:09:23.168900","2015-12-12 12:09:33.612683",7,1
63,3,91,77,"2015-12-12 12:09:48.612683","2015-12-12 12:09:56.581248",7,1
64,4,77,62,"2015-12-12 12:10:11.581248","2015-12-12 12:10:19.508174",7,1
65,5,62,49,"2015-12-12 12:10:34.508174","2015-12-12 12:10:49.372685",7,1
66,6,49,39,"2015-12-12 12:11:04.372685","2015-12-12 12:11:14.692874",7,1
67,7,39,25,"2015-12-12 12:11:29.692874","2015-12-12 12:11:36.994028",7,1
68,8,25,12,"2015-12-12 12:11:51.994028","2015-12-12 12:11:56.110607",7,1
69,9,12,0,"2015-12-12 12:12:11.110607","2015-12-12 12:12:24.232787",7,1
70,10,0,-2,"2015-12-12 12:12:39.232787","2015-12-12 12:12:45.960206",7,1
71,1,120,106,"2015-12-12 12:27:15.229100","2015-12-12 12:27:25.317772",8,1
72,2,106,92,"2015-12-12 12:27:40.317772","2015-12-12 12:27:47.805897",8,1
73,3,92,77,"2015-12-12 12:28:02.805897","2015-12-12 12:28:07.272858",8,1
74,4,77,60,"2015-12-12 12:28:22.272858","2015-12-12 12:28:30.445952",8,1
75,5,60,41,"2015-12-12 12:28:45.445952","2015-12-12 12:28:51.197560",8,1
76,6,41,30,"2015-12-12 12:29:06.197560","2015-12-12 12:29:14.679747",8,1
77,7,30,17,"2015-12-12 12:29:29.679747","2015-12-12 12:29:37.870495",8,1
78,8,17,2,"2015-12-12 12:29:52.870495","2015-12-12 12:29:59.494651",8,1
79,9,2,-10,"2015-12-12 12:30:14.494651","2015-12-12 12:30:18.500366",8,1
80,10,-10,-25,"2015-12-12 12:30:33.500366","2015-12-12 12:30:40.005040",8,1
81,1,120,102,"2015-12-12 12:33:46.187910","2015-12-12 12:33:53.833779",9,1
82,2,102,85,"2015-12-12 12:34:08.833779","2015-12-12 12:34:16.317993",9,1
83,3,85,71,"2015-12-12 12:34:31.317993","2015-12-12 12:34:36.158645",9,1
84,4,71,57,"2015-12-12 12:34:51.158645","2015-12-12 12:35:01.062499",9,1
85,5,57,41,"2015-12-12 12:35:16.062499","2015-12-12 12:35:19.518049",9,1
86,6,41,24,"2015-12-12 12:35:34.518049","2015-12-12 12:35:41.894398",9,1
87,7,24,15,"2015-12-12 12:35:56.894398","2015-12-12 12:35:59.978254",9,1
88,8,15,6,"2015-12-12 12:36:14.978254","2015-12-12 12:36:20.954985",9,1
89,9,6,-2,"2015-12-12 12:36:35.954985","2015-12-12 12:36:40.434211",9,1
90,10,-2,-9,"2015-12-12 12:36:55.434211","2015-12-12 12:37:03.823219",9,1
91,1,120,105,"2015-12-12 12:47:52.751857","2015-12-12 12:47:59.028451",10,1
92,2,105,89,"2015-12-12 12:48:14.028451","2015-12-12 12:48:24.987507",10,1
93,3,89,75,"2015-12-12 12:48:39.987507","2015-12-12 12:48:49.992831",10,1
94,4,75,63,"2015-12-12 12:49:04.992831","2015-12-12 12:49:13.838754",10,1
95,5,63,52,"2015-12-12 12:49:28.838754","2015-12-12 12:49:41.294451",10,1
96,6,52,43,"2015-12-12 12:49:56.294451","2015-12-12 12:50:02.326462",10,1
97,7,43,33,"2015-12-12 12:50:17.326462","2015-12-12 12:50:23.981711",10,1
98,8,33,17,"2015-12-12 12:50:38.981711","2015-12-12 12:50:48.040373",10,1
99,9,17,2,"2015-12-12 12:51:03.040373","2015-12-12 12:51:08.821598",10,1
100,10,2,-4,"2015-12-12 12:51:23.821598","2015-12-12 12:51:37.630558",10,1
101,1,120,107,"2015-12-12 13:01:29.768779","2015-12-12 13:01:46.630809",11,1
102,2,107,90,"2015-12-12 13:02:01.630809","2015-12-12 13:02:11.810683",11,1
103,3,90,74,"2015-12-12 13:02:26.810683","2015-12-12 13:02:33.835881",11,1
104,4,74,58,"2015-12-12 13:02:48.835881","2015-12-12 13:02:57.271249",11,1
105,5,58,44,"2015-12-12 13:03:12.271249","2015-12-12 13:03:18.172520",11,1
106,6,44,30,"2015-12-12 13:03:33.172520","2015-12-12 13:03:40.570757",11,1
107,7,30,18,"2015-12-12 13:03:55.570757","2015-12-12 13:04:00.035598",11,1
108,8,18,3,"2015-12-12 13:04:15.035598","2015-12-12 13:04:21.011453",11,1
109,9,3,-2,"2015-12-12 13:04:36.011453","2015-12-12 13:04:42.439627",11,1
110,10,-2,-3,"2015-12-12 13:04:57.439627","2015-12-12 13:05:03.111064",11,1
111,1,120,101,"2015-12-12 13:12:26.843225","2015-12-12 13:12:40.435480",12,1
112,2,101,81,"2015-12-12 13:12:55.435480","2015-12-12 13:13:06.200491",12,1
113,3,81,61,"2015-12-12 13:13:21.200491","2015-12-12 13:13:30.590792",12,1
114,4,61,44,"2015-12-12 13:13:45.590792","2015-12-12 13:13:50.604843",12,1
115,5,44,26,"2015-12-12 13:14:05.604843","2015-12-12 13:14:10.123146",12,1
116,6,26,9,"2015-12-12 13:14:25.123146","2015-12-12 13:14:33.805507",12,1
117,7,9,-4,"2015-12-12 13:14:48.805507","2015-12-12 13:14:52.440988",12,1
118,8,-4,-8,"2015-12-12 13:15:07.440988","2015-12-12 13:15:11.053788",12,1
119,9,-8,-9,"2015-12-12 13:15:26.053788","2015-12-12 13:15:29.938627",12,1
120,10,-9,-13,"2015-12-12 13:15:44.938627","2015-12-12 13:15:47.190481",12,1
121,1,120,103,"2015-12-12 15:30:01.153083","2015-12-12 15:30:07.231577",13,1
122,2,103,82,"2015-12-12 15:30:22.231577","2015-12-12 15:30:30.834039",13,1
123,3,82,63,"2015-12-12 15:30:45.834039","2015-12-12 15:30:50.631527",13,1
124,4,63,41,"2015-12-12 15:31:05.631527","2015-12-12 15:31:09.680368",13,1
125,5,41,23,"2015-12-12 15:31:24.680368","2015-12-12 15:31:28.557842",13,1
126,6,23,10,"2015-12-12 15:31:43.557842","2015-12-12 15:31:47.881559",13,1
127,7,10,2,"2015-12-12 15:32:02.881559","2015-12-12 15:32:05.932232",13,1
128,8,2,0,"2015-12-12 15:32:20.932232","2015-12-12 15:32:23.594058",13,1
129,9,0,-4,"2015-12-12 15:32:38.594058","2015-12-12 15:32:42.790205",13,1
130,10,-4,-9,"2015-12-12 15:32:57.790205","2015-12-12 15:33:02.072199",13,1
131,1,120,106,"2015-12-12 15:39:32.860196","2015-12-12 15:39:40.929611",14,1
132,2,106,94,"2015-12-12 15:39:55.929611","2015-12-12 15:40:06.804930",14,1
133,3,94,83,"2015-12-12 15:40:21.804930","2015-12-12 15:40:29.345418",14,1
134,4,83,67,"2015-12-12 15:40:44.345418","2015-12-12 15:40:50.035582",14,1
135,5,67,53,"2015-12-12 15:41:05.035582","2015-12-12 15:41:26.529075",14,1
136,6,53,40,"2015-12-12 15:41:41.529075","2015-12-12 15:41:46.700566",14,1
137,7,40,26,"2015-12-12 15:42:01.700566","2015-12-12 15:42:07.574268",14,1
138,8,26,10,"2015-12-12 15:42:22.574268","2015-12-12 15:42:29.890227",14,1
139,9,10,1,"2015-12-12 15:42:44.890227","2015-12-12 15:42:51.042864",14,1
140,10,1,-6,"2015-12-12 15:43:06.042864","2015-12-12 15:43:08.656703",14,1
141,1,120,106,"2015-12-12 15:42:42.198218","2015-12-12 15:43:03.413453",15,1
142,2,106,87,"2015-12-12 15:43:18.413453","2015-12-12 15:43:27.929658",15,1
143,3,87,69,"2015-12-12 15:43:42.929658","2015-12-12 15:43:52.319452",15,1
144,4,69,61,"2015-12-12 15:44:07.319452","2015-12-12 15:44:12.930936",15,1
145,5,61,47,"2015-12-12 15:44:27.930936","2015-12-12 15:44:34.947755",15,1
146,6,47,34,"2015-12-12 15:44:49.947755","2015-12-12 15:44:58.128985",15,1
147,7,34,25,"2015-12-12 15:45:13.128985","2015-12-12 15:45:16.564860",15,1
148,8,25,14,"2015-12-12 15:45:31.564860","2015-12-12 15:45:37.532234",15,1
149,9,14,3,"2015-12-12 15:45:52.532234","2015-12-12 15:45:56.810887",15,1
150,10,3,-2,"2015-12-12 15:46:11.810887","2015-12-12 15:46:14.948893",15,1
151,1,120,110,"2015-12-12 15:47:09.809137","2015-12-12 15:47:21.796484",16,1
152,2,110,95,"2015-12-12 15:47:36.796484","2015-12-12 15:47:47.394271",16,1
153,3,95,81,"2015-12-12 15:48:02.394271","2015-12-12 15:48:06.937554",16,1
154,4,81,72,"2015-12-12 15:48:21.937554","2015-12-12 15:48:29.241106",16,1
155,5,72,62,"2015-12-12 15:48:44.241106","2015-12-12 15:48:52.096187",16,1
156,6,62,46,"2015-12-12 15:49:07.096187","2015-12-12 15:49:11.460447",16,1
157,7,46,37,"2015-12-12 15:49:26.460447","2015-12-12 15:49:34.835945",16,1
158,8,37,19,"2015-12-12 15:49:49.835945","2015-12-12 15:49:53.739665",16,1
159,9,19,5,"2015-12-12 15:50:08.739665","2015-12-12 15:50:33.912953",16,1
160,10,5,-6,"2015-12-12 15:50:48.912953","2015-12-12 15:50:55.563785",16,1
161,1,120,101,"2015-12-12 15:54:01.497782","2015-12-12 15:54:13.812186",17,1
162,2,101,86,"2015-12-12 15:54:28.812186","2015-12-12 15:54:37.442883",17,1
163,3,86,71,"2015-12-12 15:54:52.442883","2015-12-12 15:54:58.995173",17,1
164,4,71,61,"2015-12-12 15:55:13.995173","2015-12-12 15:55:21.896697",17,1
165,5,61,48,"2015-12-12 15:55:36.896697","2015-12-12 15:55:42.354931",17,1
166,6,48,38,"2015-12-12 15:55:57.354931","2015-12-12 15:56:01.305123",17,1
167,7,38,20,"2015-12-12 15:56:16.305123","2015-12-12 15:56:19.769463",17,1
168,8,20,10,"2015-12-12 15:56:34.769463","2015-12-12 15:56:39.151088",17,1
169,9,10,-3,"2015-12-12 15:56:54.151088","2015-12-12 15:57:00.253013",17,1
170,10,-3,-7,"2015-12-12 15:57:15.253013","2015-12-12 15:57:22.734104",17,1
171,1,120,105,"2015-12-12 16:09:32.173630","2015-12-12 16:09:43.879457",18,1
172,2,105,86,"2015-12-12 16:09:58.879457","2015-12-12 16:10:06.268443",18,1
173,3,86,67,"2015-12-12 16:10:21.268443","2015-12-12 16:10:33.086543",18,1
174,4,67,50,"2015-12-12 16:10:48.086543","2015-12-12 16:10:55.994707",18,1
175,5,50,35,"2015-12-12 16:11:10.994707","2015-12-12 16:11:13.287876",18,1
176,6,35,19,"2015-12-12 16:11:28.287876","2015-12-12 16:11:32.083575",18,1
177,7,19,7,"2015-12-12 16:11:47.083575","2015-12-12 16:11:50.683926",18,1
178,8,7,-5,"2015-12-12 16:12:05.683926","2015-12-12 16:12:08.840816",18,1
179,9,-5,-21,"2015-12-12 16:12:23.840816","2015-12-12 16:12:30.774734",18,1
180,10,-21,-31,"2015-12-12 16:12:45.774734","2015-12-12 16:13:15.881153",18,1
181,1,120,103,"2015-12-12 16:32:37.489483","2015-12-12 16:32:44.389045",19,1
182,2,103,82,"2015-12-12 16:32:59.389045","2015-12-12 16:33:06.551388",19,1
183,3,82,65,"2015-12-12 16:33:21.551388","2015-12-12 16:33:28.815239",19,1
184,4,65,45,"2015-12-12 16:33:43.815239","2015-12-12 16:33:51.287827",19,1
185,5,45,30,"2015-12-12 16:34:06.287827","2015-12-12 16:34:12.388693",19,1
186,6,30,14,"2015-12-12 16:34:27.388693","2015-12-12 16:34:32.462364",19,1
187,7,14,7,"2015-12-12 16:34:47.462364","2015-12-12 16:34:54.900348",19,1
188,8,7,3,"2015-12-12 16:35:09.900348","2015-12-12 16:35:16.998206",19,1
189,9,3,-4,"2015-12-12 16:35:31.998206","2015-12-12 16:35:39.549066",19,1
190,10,-4,-4,"2015-12-12 16:35:54.549066","2015-12-12 16:36:00.852924",19,1
191,1,120,100,"2015-12-12 16:47:23.945949","2015-12-12 16:47:34.754358",20,1
192,2,100,85,"2015-12-12 16:47:49.754358","2015-12-12 16:48:00.074549",20,1
193,3,85,70,"2015-12-12 16:48:15.074549","2015-12-12 16:48:22.705286",20,1
194,4,70,56,"2015-12-12 16:48:37.705286","2015-12-12 16:48:43.139686",20,1
195,5,56,42,"2015-12-12 16:48:58.139686","2015-12-12 16:49:04.309954",20,1
196,6,42,30,"2015-12-12 16:49:19.309954","2015-12-12 16:49:23.878377",20,1
197,7,30,17,"2015-12-12 16:49:38.878377","2015-12-12 16:49:43.933831",20,1
198,8,17,12,"2015-12-12 16:49:58.933831","2015-12-12 16:50:05.193276",20,1
199,9,12,2,"2015-12-12 16:50:20.193276","2015-12-12 16:50:23.833552",20,1
200,10,2,-4,"2015-12-12 16:50:38.833552","2015-12-12 16:50:55.274736",20,1
201,1,120,104,"2015-12-12 16:54:05.013551","2015-12-12 16:54:16.699828",21,1
202,2,104,86,"2015-12-12 16:54:31.699828","2015-12-12 16:54:42.817379",21,1
203,3,86,68,"2015-12-12 16:54:57.817379","2015-12-12 16:55:03.759990",21,1
204,4,68,55,"2015-12-12 16:55:18.759990","2015-12-12 16:55:34.194171",21,1
205,5,55,39,"2015-12-12 16:55:49.194171","2015-12-12 16:55:56.157336",21,1
206,6,39,31,"2015-12-12 16:56:11.157336","2015-12-12 16:56:16.702836",21,1
207,7,31,17,"2015-12-12 16:56:31.702836","2015-12-12 16:56:36.515826",21,1
208,8,17,6,"2015-12-12 16:56:51.515826","2015-12-12 16:56:57.400203",21,1
209,9,6,-3,"2015-12-12 16:57:12.400203","2015-12-12 16:57:15.484757",21,1
210,10,-3,-6,"2015-12-12 16:57:30.484757","2015-12-12 16:57:34.155917",21,1
211,1,120,103,"2015-12-12 17:08:39.394292","2015-12-12 17:08:49.758461",22,1
212,2,103,90,"2015-12-12 17:09:04.758461","2015-12-12 17:09:11.995623",22,1
213,3,90,79,"2015-12-12 17:09:26.995623","2015-12-12 17:09:35.896803",22,1
214,4,79,66,"2015-12-12 17:09:50.896803","2015-12-12 17:09:56.844442",22,1
215,5,66,54,"2015-12-12 17:10:11.844442","2015-12-12 17:10:20.265839",22,1
216,6,54,37,"2015-12-12 17:10:35.265839","2015-12-12 17:10:42.459929",22,1
217,7,37,27,"2015-12-12 17:10:57.459929","2015-12-12 17:11:03.740805",22,1
218,8,27,13,"2015-12-12 17:11:18.740805","2015-12-12 17:11:29.384720",22,1
219,9,13,3,"2015-12-12 17:11:44.384720","2015-12-12 17:11:47.405282",22,1
220,10,3,-8,"2015-12-12 17:12:02.405282","2015-12-12 17:12:07.642145",22,1
221,1,120,105,"2015-12-12 17:19:08.215938","2015-12-12 17:19:25.190417",23,1
222,2,105,86,"2015-12-12 17:19:40.190417","2015-12-12 17:19:58.753006",23,1
223,3,86,66,"2015-12-12 17:20:13.753006","2015-12-12 17:20:29.694138",23,1
224,4,66,48,"2015-12-12 17:20:44.694138","2015-12-12 17:21:01.392471",23,1
225,5,48,28,"2015-12-12 17:21:16.392471","2015-12-12 17:21:37.483479",23,1
226,6,28,9,"2015-12-12 17:21:52.483479","2015-12-12 17:22:08.157214",23,1
227,7,9,-11,"2015-12-12 17:22:23.157214","2015-12-12 17:22:28.780198",23,1
228,8,-11,-29,"2015-12-12 17:22:43.780198","2015-12-12 17:22:48.575145",23,1
229,9,-29,-45,"2015-12-12 17:23:03.575145","2015-12-12 17:23:11.021944",23,1
230,10,-45,-61,"2015-12-12 17:23:26.021944","2015-12-12 17:23:30.591918",23,1
231,1,120,100,"2015-12-12 17:22:38.702000","2015-12-12 17:22:51.649952",24,1
232,2,100,83,"2015-12-12 17:23:06.649952","2015-12-12 17:23:16.066095",24,1
233,3,83,62,"2015-12-12 17:23:31.066095","2015-12-12 17:23:38.347085",24,1
234,4,62,47,"2015-12-12 17:23:53.347085","2015-12-12 17:23:57.974611",24,1
235,5,47,31,"2015-12-12 17:24:12.974611","2015-12-12 17:24:19.703909",24,1
236,6,31,11,"2015-12-12 17:24:34.703909","2015-12-12 17:24:42.565807",24,1
237,7,11,1,"2015-12-12 17:24:57.565807","2015-12-12 17:25:04.319640",24,1
238,8,1,-1,"2015-12-12 17:25:19.319640","2015-12-12 17:25:24.888257",24,1
239,9,-1,-2,"2015-12-12 17:25:39.888257","2015-12-12 17:25:47.878320",24,1
240,10,-2,-3,"2015-12-12 17:26:02.878320","2015-12-12 17:26:10.861035",24,1
241,1,120,104,"2015-12-12 17:36:25.810691","2015-12-12 17:36:36.615225",25,1
242,2,104,88,"2015-12-12 17:36:51.615225","2015-12-12 17:37:04.480943",25,1
243,3,88,68,"2015-12-12 17:37:19.480943","2015-12-12 17:37:23.080705",25,1
244,4,68,50,"2015-12-12 17:37:38.080705","2015-12-12 17:37:43.277373",25,1
245,5,50,33,"2015-12-12 17:37:58.277373","2015-12-12 17:38:02.321967",25,1
246,6,33,15,"2015-12-12 17:38:17.321967","2015-12-12 17:38:22.257197",25,1
247,7,15,-1,"2015-12-12 17:38:37.257197","2015-12-12 17:38:41.725098",25,1
248,8,-1,-5,"2015-12-12 17:38:56.725098","2015-12-12 17:39:03.515024",25,1
249,9,-5,-11,"2015-12-12 17:39:18.515024","2015-12-12 17:39:26.498223",25,1
250,10,-11,-17,"2015-12-12 17:39:41.498223","2015-12-12 17:39:45.314748",25,1
251,1,120,105,"2015-12-12 17:43:09.065822","2015-12-12 17:43:20.593172",26,1
252,2,105,90,"2015-12-12 17:43:35.593172","2015-12-12 17:43:43.014279",26,1
253,3,90,75,"2015-12-12 17:43:58.014279","2015-12-12 17:44:06.267652",26,1
254,4,75,59,"2015-12-12 17:44:21.267652","2015-12-12 17:44:38.751936",26,1
255,5,59,48,"2015-12-12 17:44:53.751936","2015-12-12 17:44:59.731331",26,1
256,6,48,38,"2015-12-12 17:45:14.731331","2015-12-12 17:45:20.206318",26,1
257,7,38,21,"2015-12-12 17:45:35.206318","2015-12-12 17:45:41.974081",26,1
258,8,21,5,"2015-12-12 17:45:56.974081","2015-12-12 17:46:06.084785",26,1
259,9,5,1,"2015-12-12 17:46:21.084785","2015-12-12 17:46:28.975261",26,1
260,10,1,-5,"2015-12-12 17:46:43.975261","2015-12-12 17:46:52.591746",26,1
261,1,120,104,"2015-12-12 17:50:09.077064","2015-12-12 17:50:15.938484",27,1
262,2,104,90,"2015-12-12 17:50:30.938484","2015-12-12 17:50:36.131715",27,1
263,3,90,74,"2015-12-12 17:50:51.131715","2015-12-12 17:51:04.742198",27,1
264,4,74,57,"2015-12-12 17:51:19.742198","2015-12-12 17:51:26.402539",27,1
265,5,57,45,"2015-12-12 17:51:41.402539","2015-12-12 17:52:00.334021",27,1
266,6,45,28,"2015-12-12 17:52:15.334021","2015-12-12 17:52:21.683201",27,1
267,7,28,15,"2015-12-12 17:52:36.683201","2015-12-12 17:52:42.484633",27,1
268,8,15,-3,"2015-12-12 17:52:57.484633","2015-12-12 17:53:01.807624",27,1
269,9,-3,-13,"2015-12-12 17:53:16.807624","2015-12-12 17:53:22.249485",27,1
270,10,-13,-24,"2015-12-12 17:53:37.249485","2015-12-12 17:53:45.806359",27,1
271,1,120,106,"2015-12-12 18:05:43.066252","2015-12-12 18:05:50.843498",28,1
272,2,106,90,"2015-12-12 18:06:05.843498","2015-12-12 18:06:11.803144",28,1
273,3,90,72,"2015-12-12 18:06:26.803144","2015-12-12 18:06:35.189095",28,1
274,4,72,52,"2015-12-12 18:06:50.189095","2015-12-12 18:06:54.075430",28,1
275,5,52,34,"2015-12-12 18:07:09.075430","2015-12-12 18:07:14.192691",28,1
276,6,34,19,"2015-12-12 18:07:29.192691","2015-12-12 18:07:34.330342",28,1
277,7,19,5,"2015-12-12 18:07:49.330342","2015-12-12 18:07:54.779750",28,1
278,8,5,-2,"2015-12-12 18:08:09.779750","2015-12-12 18:08:13.137082",28,1
279,9,-2,-6,"2015-12-12 18:08:28.137082","2015-12-12 18:08:33.950084",28,1
280,10,-6,-7,"2015-12-12 18:08:48.950084","2015-12-12 18:08:51.250164",28,1
281,1,120,103,"2015-12-12 18:09:01.461432","2015-12-12 18:09:12.895474",29,1
282,2,103,85,"2015-12-12 18:09:27.895474","2015-12-12 18:09:37.213389",29,1
283,3,85,70,"2015-12-12 18:09:52.213389","2015-12-12 18:10:01.370256",29,1
284,4,70,54,"2015-12-12 18:10:16.370256","2015-12-12 18:10:24.001377",29,1
285,5,54,38,"2015-12-12 18:10:39.001377","2015-12-12 18:10:43.535000",29,1
286,6,38,21,"2015-12-12 18:10:58.535000","2015-12-12 18:11:02.066842",29,1
287,7,21,3,"2015-12-12 18:11:17.066842","2015-12-12 18:11:20.785662",29,1
288,8,3,-3,"2015-12-12 18:11:35.785662","2015-12-12 18:11:45.599865",29,1
289,9,-3,-4,"2015-12-12 18:12:00.599865","2015-12-12 18:12:04.285579",29,1
290,10,-4,-4,"2015-12-12 18:12:19.285579","2015-12-12 18:12:23.630862",29,1
291,1,120,102,"2015-12-13 10:06:23.844629","2015-12-13 10:06:30.325855",30,1
292,2,102,86,"2015-12-13 10:06:45.325855","2015-12-13 10:06:55.758273",30,1
293,3,86,68,"2015-12-13 10:07:10.758273","2015-12-13 10:07:18.412229",30,1
294,4,68,48,"2015-12-13 10:07:33.412229","2015-12-13 10:07:41.383018",30,1
295,5,48,30,"2015-12-13 10:07:56.383018","2015-12-13 10:08:00.492036",30,1
296,6,30,12,"2015-12-13 10:08:15.492036","2015-12-13 10:08:20.522809",30,1
297,7,12,0,"2015-12-13 10:08:35.522809","2015-12-13 10:08:39.049143",30,1
298,8,0,-8,"2015-12-13 10:08:54.049143","2015-12-13 10:09:01.690937",30,1
299,9,-8,-10,"2015-12-13 10:09:16.690937","2015-12-13 10:09:19.784990",30,1
300,10,-10,-12,"2015-12-13 10:09:34.784990","2015-12-13 10:09:38.076236",30,1
301,1,120,104,"2015-12-13 10:20:50.537934","2015-12-13 10:20:59.272314",31,1
302,2,104,86,"2015-12-13 10:21:14.272314","2015-12-13 10:21:21.275568",31,1
303,3,86,70,"2015-12-13 10:21:36.275568","2015-12-13 10:21:46.538123",31,1
304,4,70,56,"2015-12-13 10:22:01.538123","2015-12-13 10:22:09.140263",31,1
305,5,56,44,"2015-12-13 10:22:24.140263","2015-12-13 10:22:35.090105",31,1
306,6,44,30,"2015-12-13 10:22:50.090105","2015-12-13 10:22:53.931070",31,1
307,7,30,12,"2015-12-13 10:23:08.931070","2015-12-13 10:23:13.832961",31,1
308,8,12,-2,"2015-12-13 10:23:28.832961","2015-12-13 10:23:32.282189",31,1
309,9,-2,-6,"2015-12-13 10:23:47.282189","2015-12-13 10:23:55.873116",31,1
310,10,-6,-14,"2015-12-13 10:24:10.873116","2015-12-13 10:24:14.415998",31,1
311,1,120,102,"2015-12-13 10:30:20.344964","2015-12-13 10:30:31.157051",32,1
312,2,102,80,"2015-12-13 10:30:46.157051","2015-12-13 10:30:57.337423",32,1
313,3,80,66,"2015-12-13 10:31:12.337423","2015-12-13 10:31:22.546223",32,1
314,4,66,54,"2015-12-13 10:31:37.546223","2015-12-13 10:31:44.940828",32,1
315,5,54,36,"2015-12-13 10:31:59.940828","2015-12-13 10:32:09.826059",32,1
316,6,36,26,"2015-12-13 10:32:24.826059","2015-12-13 10:32:38.220626",32,1
317,7,26,18,"2015-12-13 10:32:53.220626","2015-12-13 10:33:07.369323",32,1
318,8,18,6,"2015-12-13 10:33:22.369323","2015-12-13 10:33:33.045242",32,1
319,9,6,-8,"2015-12-13 10:33:48.045242","2015-12-13 10:33:58.756476",32,1
320,10,-8,-12,"2015-12-13 10:34:13.756476","2015-12-13 10:34:23.232627",32,1
321,1,120,108,"2015-12-13 10:40:24.367521","2015-12-13 10:40:32.021716",33,1
322,2,108,94,"2015-12-13 10:40:47.021716","2015-12-13 10:40:55.895148",33,1
323,3,94,78,"2015-12-13 10:41:10.895148","2015-12-13 10:41:15.360969",33,1
324,4,78,68,"2015-12-13 10:41:30.360969","2015-12-13 10:41:34.433071",33,1
325,5,68,56,"2015-12-13 10:41:49.433071","2015-12-13 10:41:54.839831",33,1
326,6,56,46,"2015-12-13 10:42:09.839831","2015-12-13 10:42:13.103017",33,1
327,7,46,32,"2015-12-13 10:42:28.103017","2015-12-13 10:42:30.841058",33,1
328,8,32,18,"2015-12-13 10:42:45.841058","2015-12-13 10:42:48.303448",33,1
329,9,18,4,"2015-12-13 10:43:03.303448","2015-12-13 10:43:06.563077",33,1
330,10,4,-4,"2015-12-13 10:43:21.563077","2015-12-13 10:43:25.638978",33,1
331,1,120,102,"2015-12-13 10:47:25.870289","2015-12-13 10:47:38.930052",34,1
332,2,102,86,"2015-12-13 10:47:53.930052","2015-12-13 10:48:11.505882",34,1
333,3,86,70,"2015-12-13 10:48:26.505882","2015-12-13 10:48:40.354736",34,1
334,4,70,54,"2015-12-13 10:48:55.354736","2015-12-13 10:49:03.662295",34,1
335,5,54,40,"2015-12-13 10:49:18.662295","2015-12-13 10:49:29.553890",34,1
336,6,40,22,"2015-12-13 10:49:44.553890","2015-12-13 10:49:48.768679",34,1
337,7,22,12,"2015-12-13 10:50:03.768679","2015-12-13 10:50:08.825556",34,1
338,8,12,6,"2015-12-13 10:50:23.825556","2015-12-13 10:50:30.422688",34,1
339,9,6,2,"2015-12-13 10:50:45.422688","2015-12-13 10:50:54.062676",34,1
340,10,2,-10,"2015-12-13 10:51:09.062676","2015-12-13 10:51:20.089235",34,1
341,1,120,102,"2015-12-13 11:00:24.936586","2015-12-13 11:00:34.616758",35,1
342,2,102,86,"2015-12-13 11:00:49.616758","2015-12-13 11:01:01.181087",35,1
343,3,86,72,"2015-12-13 11:01:16.181087","2015-12-13 11:01:25.834448",35,1
344,4,72,58,"2015-12-13 11:01:40.834448","2015-12-13 11:01:48.009518",35,1
345,5,58,46,"2015-12-13 11:02:03.009518","2015-12-13 11:02:07.914359",35,1
346,6,46,34,"2015-12-13 11:02:22.914359","2015-12-13 11:02:28.460863",35,1
347,7,34,22,"2015-12-13 11:02:43.460863","2015-12-13 11:02:47.259260",35,1
348,8,22,10,"2015-12-13 11:03:02.259260","2015-12-13 11:03:05.305605",35,1
349,9,10,4,"2015-12-13 11:03:20.305605","2015-12-13 11:03:22.364751",35,1
350,10,4,-6,"2015-12-13 11:03:37.364751","2015-12-13 11:03:42.958896",35,1
351,1,120,102,"2015-12-13 11:10:35.955372","2015-12-13 11:10:44.315443",36,1
352,2,102,82,"2015-12-13 11:10:59.315443","2015-12-13 11:11:06.737898",36,1
353,3,82,68,"2015-12-13 11:11:21.737898","2015-12-13 11:11:29.953803",36,1
354,4,68,58,"2015-12-13 11:11:44.953803","2015-12-13 11:11:51.359419",36,1
355,5,58,42,"2015-12-13 11:12:06.359419","2015-12-13 11:12:16.502578",36,1
356,6,42,20,"2015-12-13 11:12:31.502578","2015-12-13 11:12:36.877141",36,1
357,7,20,6,"2015-12-13 11:12:51.877141","2015-12-13 11:13:02.590039",36,1
358,8,6,-2,"2015-12-13 11:13:17.590039","2015-12-13 11:13:29.479414",36,1
359,9,-2,-4,"2015-12-13 11:13:44.479414","2015-12-13 11:13:49.410635",36,1
360,10,-4,-6,"2015-12-13 11:14:04.410635","2015-12-13 11:14:14.323867",36,1
361,1,120,106,"2015-12-13 11:18:15.922144","2015-12-13 11:18:30.012539",37,1
362,2,106,86,"2015-12-13 11:18:45.012539","2015-12-13 11:18:55.510660",37,1
363,3,86,70,"2015-12-13 11:19:10.510660","2015-12-13 11:19:16.424338",37,1
364,4,70,56,"2015-12-13 11:19:31.424338","2015-12-13 11:19:45.432088",37,1
365,5,56,48,"2015-12-13 11:20:00.432088","2015-12-13 11:20:08.249364",37,1
366,6,48,40,"2015-12-13 11:20:23.249364","2015-12-13 11:20:27.806201",37,1
367,7,40,30,"2015-12-13 11:20:42.806201","2015-12-13 11:20:57.159568",37,1
368,8,30,18,"2015-12-13 11:21:12.159568","2015-12-13 11:21:20.102440",37,1
369,9,18,0,"2015-12-13 11:21:35.102440","2015-12-13 11:21:38.807836",37,1
370,10,0,-4,"2015-12-13 11:21:53.807836","2015-12-13 11:21:59.265887",37,1
371,1,120,106,"2015-12-13 11:34:03.701788","2015-12-13 11:34:14.623430",38,1
372,2,106,94,"2015-12-13 11:34:29.623430","2015-12-13 11:34:38.026794",38,1
373,3,94,84,"2015-12-13 11:34:53.026794","2015-12-13 11:35:01.524083",38,1
374,4,84,66,"2015-12-13 11:35:16.524083","2015-12-13 11:35:22.855095",38,1
375,5,66,54,"2015-12-13 11:35:37.855095","2015-12-13 11:35:44.533519",38,1
376,6,54,42,"2015-12-13 11:35:59.533519","2015-12-13 11:36:02.404588",38,1
377,7,42,32,"2015-12-13 11:36:17.404588","2015-12-13 11:36:21.617660",38,1
378,8,32,15,"2015-12-13 11:36:36.617660","2015-12-13 11:37:06.730753",38,1
379,9,15,2,"2015-12-13 11:37:21.730753","2015-12-13 11:37:51.833114",38,1
380,10,2,-7,"2015-12-13 11:38:06.833114","2015-12-13 11:38:36.963955",38,1
381,1,120,106,"2015-12-13 11:40:34.084411","2015-12-13 11:40:43.475250",39,1
382,2,106,92,"2015-12-13 11:40:58.475250","2015-12-13 11:41:06.227213",39,1
383,3,92,78,"2015-12-13 11:41:21.227213","2015-12-13 11:41:27.486594",39,1
384,4,78,60,"2015-12-13 11:41:42.486594","2015-12-13 11:41:50.469665",39,1
385,5,60,40,"2015-12-13 11:42:05.469665","2015-12-13 11:42:09.481748",39,1
386,6,40,24,"2015-12-13 11:42:24.481748","2015-12-13 11:42:30.290127",39,1
387,7,24,10,"2015-12-13 11:42:45.290127","2015-12-13 11:42:57.799219",39,1
388,8,10,-2,"2015-12-13 11:43:12.799219","2015-12-13 11:43:20.981727",39,1
389,9,-2,-10,"2015-12-13 11:43:35.981727","2015-12-13 11:43:43.309512",39,1
390,10,-10,-20,"2015-12-13 11:43:58.309512","2015-12-13 11:44:01.417618",39,1
391,1,120,102,"2015-12-13 11:48:30.015949","2015-12-13 11:48:34.812897",40,1
392,2,102,84,"2015-12-13 11:48:49.812897","2015-12-13 11:49:00.027245",40,1
393,3,84,64,"2015-12-13 11:49:15.027245","2015-12-13 11:49:21.566101",40,1
394,4,64,52,"2015-12-13 11:49:36.566101","2015-12-13 11:49:40.498490",40,1
395,5,52,40,"2015-12-13 11:49:55.498490","2015-12-13 11:50:02.754251",40,1
396,6,40,24,"2015-12-13 11:50:17.754251","2015-12-13 11:50:22.357650",40,1
397,7,24,10,"2015-12-13 11:50:37.357650","2015-12-13 11:50:40.745514",40,1
398,8,10,0,"2015-12-13 11:50:55.745514","2015-12-13 11:50:58.540670",40,1
399,9,0,-6,"2015-12-13 11:51:13.540670","2015-12-13 11:51:18.512890",40,1
400,10,-6,-12,"2015-12-13 11:51:33.512890","2015-12-13 11:51:36.044455",40,1
401,1,120,110,"2015-12-13 11:55:15.453878","2015-12-13 11:55:40.788603",41,1
402,2,110,90,"2015-12-13 11:55:55.788603","2015-12-13 11:56:06.960321",41,1
403,3,90,72,"2015-12-13 11:56:21.960321","2015-12-13 11:56:30.684246",41,1
404,4,72,52,"2015-12-13 11:56:45.684246","2015-12-13 11:56:57.072563",41,1
405,5,52,36,"2015-12-13 11:57:12.072563","2015-12-13 11:57:20.124124",41,1
406,6,36,22,"2015-12-13 11:57:35.124124","2015-12-13 11:57:43.983391",41,1
407,7,22,8,"2015-12-13 11:57:58.983391","2015-12-13 11:58:10.857405",41,1
408,8,8,-8,"2015-12-13 11:58:25.857405","2015-12-13 11:58:34.181102",41,1
409,9,-8,-12,"2015-12-13 11:58:49.181102","2015-12-13 11:58:55.600469",41,1
410,10,-12,-16,"2015-12-13 11:59:10.600469","2015-12-13 11:59:14.869932",41,1
411,1,120,108,"2015-12-13 12:04:16.922445","2015-12-13 12:04:37.580716",42,1
412,2,108,96,"2015-12-13 12:04:52.580716","2015-12-13 12:05:09.419801",42,1
413,3,96,90,"2015-12-13 12:05:24.419801","2015-12-13 12:05:34.473140",42,1
414,4,90,82,"2015-12-13 12:05:49.473140","2015-12-13 12:05:56.623999",42,1
415,5,82,72,"2015-12-13 12:06:11.623999","2015-12-13 12:06:36.043441",42,1
416,6,72,58,"2015-12-13 12:06:51.043441","2015-12-13 12:07:01.177329",42,1
417,7,58,46,"2015-12-13 12:07:16.177329","2015-12-13 12:07:27.293280",42,1
418,8,46,26,"2015-12-13 12:07:42.293280","2015-12-13 12:07:54.458883",42,1
419,9,26,10,"2015-12-13 12:08:09.458883","2015-12-13 12:08:22.812099",42,1
420,10,10,-8,"2015-12-13 12:08:37.812099","2015-12-13 12:08:56.242259",42,1
421,1,120,104,"2015-12-13 12:16:46.366773","2015-12-13 12:16:59.763711",43,1
422,2,104,86,"2015-12-13 12:17:14.763711","2015-12-13 12:17:24.089191",43,1
423,3,86,68,"2015-12-13 12:17:39.089191","2015-12-13 12:17:47.439859",43,1
424,4,68,58,"2015-12-13 12:18:02.439859","2015-12-13 12:18:11.860508",43,1
425,5,58,40,"2015-12-13 12:18:26.860508","2015-12-13 12:18:39.309873",43,1
426,6,40,24,"2015-12-13 12:18:54.309873","2015-12-13 12:19:03.815447",43,1
427,7,24,8,"2015-12-13 12:19:18.815447","2015-12-13 12:19:23.882095",43,1
428,8,8,0,"2015-12-13 12:19:38.882095","2015-12-13 12:19:42.846667",43,1
429,9,0,0,"2015-12-13 12:19:57.846667","2015-12-13 12:20:03.502648",43,1
430,10,0,0,"2015-12-13 12:20:18.502648","2015-12-13 12:20:21.010230",43,1
431,1,120,108,"2015-12-13 12:33:00.229992","2015-12-13 12:33:09.177573",44,1
432,2,108,96,"2015-12-13 12:33:24.177573","2015-12-13 12:33:35.226374",44,1
433,3,96,84,"2015-12-13 12:33:50.226374","2015-12-13 12:33:59.962612",44,1
434,4,84,70,"2015-12-13 12:34:14.962612","2015-12-13 12:34:30.431924",44,1
435,5,70,56,"2015-12-13 12:34:45.431924","2015-12-13 12:35:06.782896",44,1
436,6,56,48,"2015-12-13 12:35:21.782896","2015-12-13 12:35:28.594495",44,1
437,7,48,36,"2015-12-13 12:35:43.594495","2015-12-13 12:36:09.261649",44,1
438,8,36,24,"2015-12-13 12:36:24.261649","2015-12-13 12:36:38.234558",44,1
439,9,24,8,"2015-12-13 12:36:53.234558","2015-12-13 12:36:58.737304",44,1
440,10,8,-4,"2015-12-13 12:37:13.737304","2015-12-13 12:37:22.730579",44,1
441,1,120,108,"2015-12-13 12:39:16.123856","2015-12-13 12:39:25.791984",45,1
442,2,108,92,"2015-12-13 12:39:40.791984","2015-12-13 12:39:46.454118",45,1
443,3,92,76,"2015-12-13 12:40:01.454118","2015-12-13 12:40:08.124300",45,1
444,4,76,64,"2015-12-13 12:40:23.124300","2015-12-13 12:40:36.174641",45,1
445,5,64,52,"2015-12-13 12:40:51.174641","2015-12-13 12:40:56.052166",45,1
446,6,52,44,"2015-12-13 12:41:11.052166","2015-12-13 12:41:16.346440",45,1
447,7,44,28,"2015-12-13 12:41:31.346440","2015-12-13 12:41:37.472290",45,1
448,8,28,16,"2015-12-13 12:41:52.472290","2015-12-13 12:41:58.220509",45,1
449,9,16,-6,"2015-12-13 12:42:13.220509","2015-12-13 12:42:20.216180",45,1
450,10,-6,-10,"2015-12-13 12:42:35.216180","2015-12-13 12:42:42.038329",45,1
451,1,120,104,"2015-12-13 12:46:28.800225","2015-12-13 12:46:40.713298",46,1
452,2,104,90,"2015-12-13 12:46:55.713298","2015-12-13 12:47:04.418591",46,1
453,3,90,74,"2015-12-13 12:47:19.418591","2015-12-13 12:47:27.762324",46,1
454,4,74,66,"2015-12-13 12:47:42.762324","2015-12-13 12:47:52.257045",46,1
455,5,66,52,"2015-12-13 12:48:07.257045","2015-12-13 12:48:12.375487",46,1
456,6,52,34,"2015-12-13 12:48:27.375487","2015-12-13 12:48:31.383163",46,1
457,7,34,26,"2015-12-13 12:48:46.383163","2015-12-13 12:48:51.890672",46,1
458,8,26,10,"2015-12-13 12:49:06.890672","2015-12-13 12:49:14.789584",46,1
459,9,10,-2,"2015-12-13 12:49:29.789584","2015-12-13 12:49:36.925719",46,1
460,10,-2,-6,"2015-12-13 12:49:51.925719","2015-12-13 12:49:56.510481",46,1
461,1,120,106,"2015-12-13 12:56:10.608250","2015-12-13 12:56:19.453811",47,1
462,2,106,90,"2015-12-13 12:56:34.453811","2015-12-13 12:56:44.889967",47,1
463,3,90,74,"2015-12-13 12:56:59.889967","2015-12-13 12:57:09.553173",47,1
464,4,74,58,"2015-12-13 12:57:24.553173","2015-12-13 12:57:33.016581",47,1
465,5,58,42,"2015-12-13 12:57:48.016581","2015-12-13 12:57:57.777905",47,1
466,6,42,26,"2015-12-13 12:58:12.777905","2015-12-13 12:58:24.177047",47,1
467,7,26,12,"2015-12-13 12:58:39.177047","2015-12-13 12:58:47.856063",47,1
468,8,12,-4,"2015-12-13 12:59:02.856063","2015-12-13 12:59:11.889313",47,1
469,9,-4,-6,"2015-12-13 12:59:26.889313","2015-12-13 12:59:33.739792",47,1
470,10,-6,-10,"2015-12-13 12:59:48.739792","2015-12-13 12:59:52.711876",47,1
471,1,120,100,"2015-12-13 13:08:34.528672","2015-12-13 13:08:48.385979",48,1
472,2,100,86,"2015-12-13 13:09:03.385979","2015-12-13 13:09:15.268495",48,1
473,3,86,66,"2015-12-13 13:09:30.268495","2015-12-13 13:09:38.218263",48,1
474,4,66,46,"2015-12-13 13:09:53.218263","2015-12-13 13:09:57.942675",48,1
475,5,46,26,"2015-12-13 13:10:12.942675","2015-12-13 13:10:24.926979",48,1
476,6,26,12,"2015-12-13 13:10:39.926979","2015-12-13 13:10:50.682961",48,1
477,7,12,2,"2015-12-13 13:11:05.682961","2015-12-13 13:11:16.991374",48,1
478,8,2,2,"2015-12-13 13:11:31.991374","2015-12-13 13:11:40.118687",48,1
479,9,2,-2,"2015-12-13 13:11:55.118687","2015-12-13 13:11:59.109947",48,1
480,10,-2,-4,"2015-12-13 13:12:14.109947","2015-12-13 13:12:21.254602",48,1
481,1,120,102,"2015-12-13 13:14:42.024365","2015-12-13 13:14:58.334215",49,1
482,2,102,82,"2015-12-13 13:15:13.334215","2015-12-13 13:15:26.177021",49,1
483,3,82,60,"2015-12-13 13:15:41.177021","2015-12-13 13:15:46.741504",49,1
484,4,60,46,"2015-12-13 13:16:01.741504","2015-12-13 13:16:10.004451",49,1
485,5,46,28,"2015-12-13 13:16:25.004451","2015-12-13 13:16:38.101346",49,1
486,6,28,16,"2015-12-13 13:16:53.101346","2015-12-13 13:16:57.174597",49,1
487,7,16,4,"2015-12-13 13:17:12.174597","2015-12-13 13:17:18.016580",49,1
488,8,4,-4,"2015-12-13 13:17:33.016580","2015-12-13 13:17:35.911974",49,1
489,9,-4,-14,"2015-12-13 13:17:50.911974","2015-12-13 13:18:01.017644",49,1
490,10,-14,-22,"2015-12-13 13:18:16.017644","2015-12-13 13:18:22.090073",49,1
491,1,120,102,"2015-12-13 13:17:53.561491","2015-12-13 13:18:20.189731",50,1
492,2,102,80,"2015-12-13 13:18:35.189731","2015-12-13 13:18:43.029920",50,1
493,3,80,62,"2015-12-13 13:18:58.029920","2015-12-13 13:19:08.943175",50,1
494,4,62,42,"2015-12-13 13:19:23.943175","2015-12-13 13:19:43.980976",50,1
495,5,42,30,"2015-12-13 13:19:58.980976","2015-12-13 13:20:03.407230",50,1
496,6,30,18,"2015-12-13 13:20:18.407230","2015-12-13 13:20:24.407119",50,1
497,7,18,8,"2015-12-13 13:20:39.407119","2015-12-13 13:20:50.589224",50,1
498,8,8,-4,"2015-12-13 13:21:05.589224","2015-12-13 13:21:08.721393",50,1
499,9,-4,-8,"2015-12-13 13:21:23.717407","2015-12-13 13:21:27.083532",50,1
500,10,-8,-14,"2015-12-13 13:21:42.083532","2015-12-13 13:21:48.963566",50,1
501,1,120,104,"2015-12-13 14:56:48.094496","2015-12-13 14:57:01.853453",51,1
502,2,104,86,"2015-12-13 14:57:16.853453","2015-12-13 14:57:25.614890",51,1
503,3,86,70,"2015-12-13 14:57:40.614890","2015-12-13 14:57:45.972721",51,1
504,4,70,54,"2015-12-13 14:58:00.972721","2015-12-13 14:58:05.168406",51,1
505,5,54,36,"2015-12-13 14:58:20.168406","2015-12-13 14:58:25.829867",51,1
506,6,36,24,"2015-12-13 14:58:40.829867","2015-12-13 14:58:45.943592",51,1
507,7,24,10,"2015-12-13 14:59:00.943592","2015-12-13 14:59:08.244879",51,1
508,8,10,6,"2015-12-13 14:59:23.244879","2015-12-13 14:59:25.426650",51,1
509,9,6,0,"2015-12-13 14:59:40.426650","2015-12-13 14:59:43.827538",51,1
510,10,0,-2,"2015-12-13 14:59:58.827538","2015-12-13 15:00:01.421011",51,1
511,1,120,108,"2015-12-13 15:08:13.946634","2015-12-13 15:08:29.154632",52,1
512,2,108,96,"2015-12-13 15:08:44.154632","2015-12-13 15:08:55.293539",52,1
513,3,96,88,"2015-12-13 15:09:10.293539","2015-12-13 15:09:20.430990",52,1
514,4,88,72,"2015-12-13 15:09:35.430990","2015-12-13 15:09:41.697767",52,1
515,5,72,56,"2015-12-13 15:09:56.697767","2015-12-13 15:10:07.037992",52,1
516,6,56,44,"2015-12-13 15:10:22.037992","2015-12-13 15:10:25.602620",52,1
517,7,44,32,"2015-12-13 15:10:40.602620","2015-12-13 15:10:50.372653",52,1
518,8,32,12,"2015-12-13 15:11:05.372653","2015-12-13 15:11:10.728702",52,1
519,9,12,6,"2015-12-13 15:11:25.728702","2015-12-13 15:11:32.403857",52,1
520,10,6,-6,"2015-12-13 15:11:47.403857","2015-12-13 15:11:50.594043",52,1
521,1,120,108,"2015-12-13 15:16:48.992152","2015-12-13 15:16:58.580507",53,1
522,2,108,94,"2015-12-13 15:17:13.580507","2015-12-13 15:17:22.908296",53,1
523,3,94,80,"2015-12-13 15:17:37.908296","2015-12-13 15:17:42.733440",53,1
524,4,80,70,"2015-12-13 15:17:57.733440","2015-12-13 15:18:02.103666",53,1
525,5,70,56,"2015-12-13 15:18:17.103666","2015-12-13 15:18:21.834671",53,1
526,6,56,42,"2015-12-13 15:18:36.834671","2015-12-13 15:18:41.104172",53,1
527,7,42,28,"2015-12-13 15:18:56.104172","2015-12-13 15:19:05.206844",53,1
528,8,28,16,"2015-12-13 15:19:20.206844","2015-12-13 15:19:30.578839",53,1
529,9,16,8,"2015-12-13 15:19:45.578839","2015-12-13 15:19:50.826632",53,1
530,10,8,-6,"2015-12-13 15:20:05.826632","2015-12-13 15:20:21.393736",53,1
531,1,120,107,"2015-12-13 15:33:09.722899","2015-12-13 15:33:17.611107",54,1
532,2,107,94,"2015-12-13 15:33:32.611107","2015-12-13 15:33:46.281593",54,1
533,3,94,76,"2015-12-13 15:34:01.281593","2015-12-13 15:34:07.479575",54,1
534,4,76,57,"2015-12-13 15:34:22.479575","2015-12-13 15:34:38.685929",54,1
535,5,57,41,"2015-12-13 15:34:53.685929","2015-12-13 15:35:07.248813",54,1
536,6,41,31,"2015-12-13 15:35:22.248813","2015-12-13 15:35:30.105148",54,1
537,7,31,21,"2015-12-13 15:35:45.105148","2015-12-13 15:35:49.530879",54,1
538,8,21,13,"2015-12-13 15:36:04.530879","2015-12-13 15:36:10.619194",54,1
539,9,13,7,"2015-12-13 15:36:25.619194","2015-12-13 15:36:32.037162",54,1
540,10,7,-1,"2015-12-13 15:36:47.037162","2015-12-13 15:37:07.484517",54,1
